Name (Original Name),User Email,Join Time,Leave Time,Duration (Minutes),Guest,Recording Consent
10CV1-09-Nguyễn Phạm Khả Lin,,2022/02/25 12:55:09,2022/02/25 14:37:52,103,Yes,Y
10B-Trương Ngọc Thảo,frozen3005nt@gmail.com,2022/02/25 12:55:09,2022/02/25 12:55:18,1,Yes
10A-29-Lê Thị Diễm Phương,,2022/02/25 12:55:10,2022/02/25 12:55:18,1,Yes
10A-17-Trần Hoàng Khải,,2022/02/25 12:55:13,2022/02/25 12:55:17,1,Yes
10B-13-Hồ Nguyên Khang,,2022/02/25 12:55:13,2022/02/25 12:55:17,1,Yes
10B-43- Trần Võ Bảo Uyên,baouyentranvo646@gmail.com,2022/02/25 12:55:16,2022/02/25 12:55:32,1,Yes
10A-29-Lê Thị Diễm Phương (10A-29-Diễm Phương),,2022/02/25 12:55:18,2022/02/25 14:37:52,103,Yes,Y
10CT1-19-Nguyễn Hoài Nam,,2022/02/25 12:55:18,2022/02/25 14:40:11,105,Yes,Y
10B-34- Trương Ngọc Thảo (10B-Trương Ngọc Thảo),frozen3005nt@gmail.com,2022/02/25 12:55:18,2022/02/25 14:37:48,103,Yes,Y
10CH2-11-Nguyễn Ngọc Hân,nguyenngochan090106@gmail.com,2022/02/25 12:55:22,2022/02/25 14:43:09,108,Yes,Y
10D2-14-Trịnh Thuyên Kim (10D2-14-Trinh Thuyen Kim),,2022/02/25 12:55:22,2022/02/25 14:37:51,103,Yes,Y
10CT2-39-Huỳnh Minh Tâm,tamhuynh2506@gmail.com,2022/02/25 12:55:27,2022/02/25 12:55:33,1,Yes
10A-35-Nguyễn Tấn Tài,,2022/02/25 12:55:29,2022/02/25 12:55:31,1,Yes
10A-35-Nguyễn Tấn Tài,,2022/02/25 12:55:31,2022/02/25 14:37:41,103,Yes,Y
10B-43- Trần Võ Bảo Uyên,baouyentranvo646@gmail.com,2022/02/25 12:55:32,2022/02/25 14:37:58,103,Yes,Y
10CV2-08-Nguyễn Bảo Hân,baohan47.hoabinh@gmail.com,2022/02/25 12:55:33,2022/02/25 12:55:47,1,Yes
10A-34- Phạm Thảo Quyên,quyen.phamthaochicky@gmail.com,2022/02/25 12:55:36,2022/02/25 14:37:53,103,Yes,Y
10B-45-Nguyễn Nhật Vy,,2022/02/25 12:55:38,2022/02/25 12:55:47,1,Yes
10CT1-33- Trần Anh Tuấn,anhtuanteo2006@gmail.com,2022/02/25 12:55:47,2022/02/25 14:37:49,103,Yes,Y
10CV1-31-Lê Lan Vy,,2022/02/25 12:55:47,2022/02/25 14:37:58,103,Yes,Y
10CH1-07- Kiều Tuấn Đạt,tuandat9406@gmail.com,2022/02/25 12:55:49,2022/02/25 12:56:01,1,Yes
10CH2-04-Trần Lê Ngọc Ánh,,2022/02/25 12:55:56,2022/02/25 12:56:04,1,Yes
10CT1-18-Quách Tú Minh (10039-Quách Tú Minh),nh0cminh293@gmail.com,2022/02/25 12:55:56,2022/02/25 14:37:39,102,Yes,Y
10CH1-33-Phạm Trần Anh Tuấn,,2022/02/25 12:55:58,2022/02/25 14:37:59,103,Yes,Y
10LT5B- QTP- Ngô Nguyễn Quỳnh Anh,,2022/02/25 12:55:59,2022/02/25 12:56:04,1,Yes
10CV2-17-Ngô Phương Linh,ngophuonglinh06@gmail.com,2022/02/25 12:55:59,2022/02/25 14:38:09,103,Yes,Y
10CH1-07- Kiều Tuấn Đạt,tuandat9406@gmail.com,2022/02/25 12:56:01,2022/02/25 14:37:51,102,Yes,Y
10CH1- 03- Ngô Nguyễn Quỳnh Anh (10LT5B- QTP- Ngô Nguyễn Quỳnh Anh),,2022/02/25 12:56:04,2022/02/25 14:37:37,102,Yes,Y
10CT1-09- Trịnh Thái Dương,,2022/02/25 12:56:07,2022/02/25 12:56:19,1,Yes
10B-11- Nguyễn Thế Hưng,nguyenthehung290606@gmail.com,2022/02/25 12:56:08,2022/02/25 14:37:40,102,Yes,Y
10CV2-15- Trịnh Thiên Kim,,2022/02/25 12:56:16,2022/02/25 14:37:50,102,Yes,Y
10CV1-07- Trương Ngọc Bảo Khanh,,2022/02/25 12:56:22,2022/02/25 12:56:30,1,Yes
10D1- 06- Nguyễn Hà Bảo Châu,,2022/02/25 12:56:25,2022/02/25 12:56:40,1,Yes
10A-26-Dương Bảo Nhi,,2022/02/25 12:56:25,2022/02/25 12:56:32,1,Yes
10A-16-Ngô Trần Quỳnh Hương,quynhhuongngotran@gmail.com,2022/02/25 12:56:25,2022/02/25 12:56:31,1,Yes
10CT2-32- Lê Đặng Thuỳ Trang,,2022/02/25 12:56:31,2022/02/25 14:43:02,107,Yes,Y
10A-21-Nguyễn Duy Khiêm,,2022/02/25 12:56:32,2022/02/25 14:37:38,102,Yes,Y
10D2-21-Đặng Đức Phú,,2022/02/25 12:56:33,2022/02/25 12:58:17,2,Yes
10CT3-21-Lâm Tấn Phát,,2022/02/25 12:56:33,2022/02/25 12:57:32,1,Yes
10CT3-06-Bùi Trí Dũng,,2022/02/25 12:56:34,2022/02/25 14:37:59,102,Yes,Y
10D1-25-Mai Bảo Nhi,,2022/02/25 12:56:34,2022/02/25 14:43:09,107,Yes,Y
10CV1-05-Lê Uyên Khanh,,2022/02/25 12:56:37,2022/02/25 12:57:30,1,Yes
10D1-06-Nguyễn Hà Bảo Châu (10D1- 06- Nguyễn Hà Bảo Châu),,2022/02/25 12:56:40,2022/02/25 14:37:57,102,Yes,Y
10A-13-Trịnh Hội Hào,hao08072006@gmail.com,2022/02/25 12:56:41,2022/02/25 12:57:33,1,Yes
10D1-29- Nguyễn Ngọc Quỳnh Như,,2022/02/25 12:56:49,2022/02/25 12:57:29,1,Yes
10CH1-26-Phạm Hữu Phúc,huuphucthll@gmail.com,2022/02/25 12:56:50,2022/02/25 12:57:30,1,Yes
10CT1-35-Thái Hồ Thảo Vy,,2022/02/25 12:56:53,2022/02/25 12:57:31,1,Yes
10CT1-32- Huỳnh Minh Tuấn,,2022/02/25 12:56:54,2022/02/25 12:57:33,1,Yes
10CT1-18- Nguyễn Doãn Trí Luân,,2022/02/25 12:56:58,2022/02/25 12:57:33,1,Yes
10CH1-29-Nguyễn Kim Thư,,2022/02/25 12:57:05,2022/02/25 12:57:31,1,Yes
Vũ Quốc Hùng,hungtobot123@gmail.com,2022/02/25 12:57:18,2022/02/25 12:57:48,1,Yes
10CH2-17-Hoàng Triệu Nam,,2022/02/25 12:57:20,2022/02/25 12:57:34,1,Yes
10CV2-30-Nguyễn Gia Bảo Quyên,,2022/02/25 12:57:24,2022/02/25 12:57:35,1,Yes
10CH1-24-Phan Trần Bảo Nghi (Phan Trần Bảo Nghi),,2022/02/25 12:57:30,2022/02/25 14:38:17,101,Yes,Y
10CH1-26-Phạm Hữu Phúc,huuphucthll@gmail.com,2022/02/25 12:57:30,2022/02/25 13:06:22,9,Yes,N
10CV1-05-Lê Uyên Khanh,,2022/02/25 12:57:30,2022/02/25 13:03:05,6,Yes
10A-02-Hồ Đoàn Vân Anh,,2022/02/25 12:57:31,2022/02/25 14:37:36,101,Yes,Y
10CT1-35-Thái Hồ Thảo Vy,,2022/02/25 12:57:31,2022/02/25 14:38:01,101,Yes,Y
10A- 41- Huỳnh Vũ Khánh Tùng,huynhvukhanhtung@gmail.com,2022/02/25 12:57:32,2022/02/25 14:38:46,102,Yes,Y
10B-10-Trần Như Minh Hoàng,,2022/02/25 12:57:33,2022/02/25 12:58:04,1,Yes
10CT3-21-Lâm Tấn Phát,,2022/02/25 12:57:33,2022/02/25 14:37:37,101,Yes,Y
10CT1-32- Huỳnh Minh Tuấn,,2022/02/25 12:57:33,2022/02/25 13:48:02,51,Yes,Y
10CT1-18- Nguyễn Doãn Trí Luân,,2022/02/25 12:57:33,2022/02/25 14:37:38,101,Yes,Y
10A-13-Trịnh Hội Hào,hao08072006@gmail.com,2022/02/25 12:57:34,2022/02/25 14:37:41,101,Yes,Y
10A-45-Hoàng Thị Yến,,2022/02/25 12:57:34,2022/02/25 12:58:05,1,Yes
10CH2-17-Hoàng Triệu Nam,,2022/02/25 12:57:34,2022/02/25 14:37:56,101,Yes,Y
10CT3-16-Trần Thị Kiều My,,2022/02/25 12:57:34,2022/02/25 14:37:51,101,Yes,Y
10CV2-41-Hà Hải Yến,,2022/02/25 12:57:34,2022/02/25 14:38:17,101,Yes,Y
10D2-22-Lưu Trọng Phú,,2022/02/25 12:57:34,2022/02/25 14:25:23,88,Yes,Y
10D2-33- Ngô Hoàng Mỹ Tiên,,2022/02/25 12:57:35,2022/02/25 12:58:01,1,Yes
10A-44-Võ Ngọc Minh Vy (10A-1044-Võ Ngọc Minh Vy),,2022/02/25 12:57:35,2022/02/25 14:37:56,101,Yes,Y
10CT1-29-Lê Ân Tri,,2022/02/25 12:57:38,2022/02/25 12:58:03,1,Yes
10CT1-31-Trần Duy Phúc,,2022/02/25 12:57:43,2022/02/25 12:58:02,1,Yes
10D1-17- Đỗ Trùng Kiệt,,2022/02/25 12:57:43,2022/02/25 14:07:00,70,Yes,Y
10D2-38-Trần Thanh Tùng,,2022/02/25 12:57:45,2022/02/25 12:58:04,1,Yes
10CT2-28-Hoàng Ngọc Thảo,,2022/02/25 12:57:52,2022/02/25 12:58:08,1,Yes
HUỲNH VŨ NHÃ QUỲNH,,2022/02/25 12:57:52,2022/02/25 12:58:01,1,Yes
10A-22-Võ Nguyễn Anh Khoa,,2022/02/25 12:57:57,2022/02/25 12:58:20,1,Yes
10D2-33- Ngô Hoàng Mỹ Tiên,,2022/02/25 12:58:01,2022/02/25 14:37:42,100,Yes,Y
10D1-24-Nguyễn Thị Như Ngọc,,2022/02/25 12:58:01,2022/02/25 14:37:52,100,Yes,Y
10CH2-06- Nguyễn Võ An Châu,,2022/02/25 12:58:01,2022/02/25 14:38:02,101,Yes,Y
10CT1-31-Trần Duy Phúc,,2022/02/25 12:58:02,2022/02/25 12:59:09,2,Yes
10B-21-Trần Ngọc Xuân Mai,tranmaiamy123@gmail.com,2022/02/25 12:58:03,2022/02/25 14:37:39,100,Yes,Y
10CV1-13-Lê Phan Hoàng My,,2022/02/25 12:58:04,2022/02/25 14:38:07,101,Yes,Y
10B-19-Nguyễn Thanh Trúc Ly,tltrucly071106@gmail.com,2022/02/25 12:58:04,2022/02/25 13:24:00,26,Yes,Y
10B-10-Trần Như Minh Hoàng,,2022/02/25 12:58:04,2022/02/25 14:37:38,100,Yes,Y
10CH1-15-Nguyễn Võ Viết Hưng,,2022/02/25 12:58:04,2022/02/25 12:58:24,1,Yes
10CT2-28-Hoàng Ngọc Thảo,,2022/02/25 12:58:08,2022/02/25 14:37:41,100,Yes,Y
10CH1-06-Hoàng Nguyễn Uyển Doanh,,2022/02/25 12:58:11,2022/02/25 12:58:27,1,Yes
10CT3-24-Hồ Đức Quân,,2022/02/25 12:58:12,2022/02/25 12:58:26,1,Yes
10B-15- Nguyễn Trần Nhật Lam,,2022/02/25 12:58:12,2022/02/25 12:58:22,1,Yes
10CV1-15-Vũ Trần Đình Nhi (Vũ Trần Đình Nhi-10CV1),,2022/02/25 12:58:24,2022/02/25 14:40:11,102,Yes,Y
10CT3-24-Hồ Đức Quân,,2022/02/25 12:58:26,2022/02/25 14:43:08,105,Yes,Y
10D1-36-Lê Hoàng Kim Thảo,,2022/02/25 12:58:33,2022/02/25 12:58:53,1,Yes
10D1-Võ Thị Ngọc Bích,,2022/02/25 12:58:39,2022/02/25 12:58:52,1,Yes
10B-23-Nguyễn Nhật Minh,,2022/02/25 12:58:41,2022/02/25 12:58:55,1,Yes
10B-42-Trương Ngọc Phương Tuyến,,2022/02/25 12:58:44,2022/02/25 12:58:53,1,Yes
10D2-43-Phạm Yến Vy,,2022/02/25 12:58:52,2022/02/25 14:37:51,99,Yes,Y
10D1-05-Võ Thị Ngọc Bích (10D1-Võ Thị Ngọc Bích),,2022/02/25 12:58:52,2022/02/25 14:37:52,99,Yes,Y
10A-11-Trần Lê Hoàng Gia,tranlehoanggia2006@gmail.com,2022/02/25 12:58:54,2022/02/25 14:38:11,100,Yes,Y
10D1-36-Lê Hoàng Kim Thảo,,2022/02/25 12:58:54,2022/02/25 13:41:35,43,Yes,Y
10CV2-09- Lê Diệp Gia Hân (10CV2-09- Lê Diệp Gia Hân),,2022/02/25 12:58:55,2022/02/25 13:05:36,7,Yes
10CH2-29-Hoàng Hồng Phúc,phuchonghoang305@gmail.com,2022/02/25 12:59:14,2022/02/25 12:59:28,1,Yes
Đỗ Xuân Huy - 10CT1 - 12,humblebeliis@gmail.com,2022/02/25 12:59:16,2022/02/25 12:59:20,1,Yes
10CH2-33- Dương Huỳnh Thanh Thảo,thanhthao190606@gmail.com,2022/02/25 12:59:30,2022/02/25 12:59:35,1,Yes
10CH2-28Lê Trần Hải Ninh,tieninh1203@gmail.com,2022/02/25 12:59:38,2022/02/25 12:59:46,1,Yes
10CT2-04- Phùng Nhật Cường,,2022/02/25 12:59:40,2022/02/25 14:37:39,98,Yes,Y
10D2-21-Đặng Đức Phú,,2022/02/25 12:59:42,2022/02/25 13:00:03,1,Yes
10D1-31-Nguyễn Minh Phát,thao110885@gmail.com,2022/02/25 12:59:46,2022/02/25 13:00:00,1,Yes
10A-12- Nguyễn Kỳ Anh Hào,nguyenkyanhhao27@gmail.com,2022/02/25 12:59:46,2022/02/25 13:00:02,1,Yes
10CH2-26-Võ Trọng Nhân,,2022/02/25 12:59:47,2022/02/25 13:00:06,1,Yes
10D1-41-Phan Trương Bảo Trân,,2022/02/25 12:59:48,2022/02/25 13:00:02,1,Yes
10CT1 - 06 - Nguyễn Phong Doanh,,2022/02/25 12:59:50,2022/02/25 13:00:03,1,Yes
10CT1-28-Trần Thanh Hưng Thịnh,,2022/02/25 12:59:54,2022/02/25 13:00:05,1,Yes
10CT1-08-Nguyễn Lương Tuấn Đạt,,2022/02/25 12:59:54,2022/02/25 13:00:03,1,Yes
10D2-23-Đinh Hoàng Phúc,phucdinhhoang2511@gmail.com,2022/02/25 12:59:59,2022/02/25 13:00:04,1,Yes
10D1-02-Ngô Đỗ Quỳnh Anh,quynhanhngodo@gmail.com,2022/02/25 13:00:01,2022/02/25 14:37:51,98,Yes,Y
10D1-31-Nguyễn Minh Phát,thao110885@gmail.com,2022/02/25 13:00:01,2022/02/25 14:37:49,98,Yes,Y
10CT1-11-Liên Trung Hiếu,conancute159753@gmail.com,2022/02/25 13:00:02,2022/02/25 13:38:46,39,Yes,Y
10D2-21-Đặng Đức Phú,,2022/02/25 13:00:03,2022/02/25 14:37:48,98,Yes,Y
10A-05- Nguyễn Võ Minh Anh,,2022/02/25 13:00:03,2022/02/25 14:38:04,99,Yes,Y
Lại Nguyễn Minh Thông-39-10D1,,2022/02/25 13:00:03,2022/02/25 13:00:11,1,Yes
10CT1-08-Nguyễn Lương Tuấn Đạt,,2022/02/25 13:00:03,2022/02/25 14:38:29,99,Yes,Y
10CH2-26-Võ Trọng Nhân,,2022/02/25 13:00:06,2022/02/25 14:38:00,98,Yes,Y
10CH2-28-Lê Trần Hải Ninh,tieninh1203@gmail.com,2022/02/25 13:00:15,2022/02/25 13:00:21,1,Yes
10CT2-16- Nguyễn Ngọc Quỳnh Hương,nguyenhuong1932006@gmail.com,2022/02/25 13:00:16,2022/02/25 14:40:17,101,Yes,Y
10B-07- Nguyễn Trọng Hiếu,tuilahieu2k6@gmail.com,2022/02/25 13:00:19,2022/02/25 14:39:06,99,Yes,Y
10A-18-Nguyễn Huỳnh Việt Khang,,2022/02/25 13:00:22,2022/02/25 13:00:38,1,Yes
10CT3-10-Trương Anh Khoa,,2022/02/25 13:00:27,2022/02/25 13:00:36,1,Yes
10CT2-24-Lê Trần Minh Phương,minhphuongle2006@gmail.com,2022/02/25 13:00:37,2022/02/25 13:00:44,1,Yes
10CT2-24-Lê Trần Minh Phương,minhphuongle2006@gmail.com,2022/02/25 13:00:44,2022/02/25 13:00:45,1,Yes
10CV1-04-Đỗ Thy Gia Hân,,2022/02/25 13:00:49,2022/02/25 13:01:41,1,Yes
10CT2 Huỳnh Vương Bảo Dung,,2022/02/25 13:00:53,2022/02/25 13:01:38,1,Yes
10CT2-20-Trần Hoàng Khôi,,2022/02/25 13:01:09,2022/02/25 13:01:44,1,Yes
10D1-39-Lại Nguyễn Minh Thông,,2022/02/25 13:01:14,2022/02/25 13:01:41,1,Yes
10A-42-Phạm Hoàng Thảo Uyên,tauyn.pm@gmail.com,2022/02/25 13:01:30,2022/02/25 13:01:41,1,Yes
10CT2 Huỳnh Vương Bảo Dung,,2022/02/25 13:01:39,2022/02/25 14:37:51,97,Yes,Y
10CT1-01-Nguyễn Ngọc Minh Anh (10CT1-02-Nguyễn Ngọc Minh Anh),nnminhanh268@gmail.com,2022/02/25 13:01:39,2022/02/25 14:37:50,97,Yes,Y
10A-03-Nguyễn Lê Quỳnh Anh,,2022/02/25 13:01:41,2022/02/25 14:37:48,97,Yes,Y
10CV2-32-Nguyễn Nhật Tân,phuongntb6@gmail.com,2022/02/25 13:01:41,2022/02/25 13:15:39,14,Yes,Y
10CT1-34-Trần Hoàng Khả Uyên,,2022/02/25 13:01:44,2022/02/25 13:12:43,11,Yes,Y
10CT2-20-Trần Hoàng Khôi,,2022/02/25 13:01:44,2022/02/25 14:38:22,97,Yes,Y
10CH2-16- Đỗ Lâm Phương Mai,,2022/02/25 13:01:54,2022/02/25 13:02:02,1,Yes
10CT1-20-Hồ Châu Khánh Ngọc (Khánh Ngọc),,2022/02/25 13:01:58,2022/02/25 13:04:09,3,Yes
10CH2-35- Nguyễn Ngọc Bảo Trâm,,2022/02/25 13:01:59,2022/02/25 13:02:06,1,Yes
10CT1-22- Nguyễn Thanh Phú (PHú),,2022/02/25 13:02:04,2022/02/25 14:37:53,96,Yes,Y
10CV2-07-Đỗ Ánh Dương (10CV2-03-Đỗ Ánh Dương),,2022/02/25 13:02:04,2022/02/25 14:38:18,97,Yes,Y
10CH2-35- Nguyễn Ngọc Bảo Trâm,,2022/02/25 13:02:07,2022/02/25 14:43:08,102,Yes,Y
10A-23-Huỳnh MInh Khôi,,2022/02/25 13:02:07,2022/02/25 14:38:58,97,Yes,Y
10D1-16-Nguyễn Minh Khuê,,2022/02/25 13:02:09,2022/02/25 14:19:13,78,Yes,Y
10A-10- Lê Đức Duy,,2022/02/25 13:02:28,2022/02/25 13:02:36,1,Yes
10A-10- Lê Đức Duy,,2022/02/25 13:02:37,2022/02/25 14:37:49,96,Yes,Y
10CV1-05-Lê Uyên Khanh,,2022/02/25 13:02:37,2022/02/25 13:02:42,1,Yes
10CV1-17-Lưu Tâm Như (17-10CV1-Lưu Tâm Như),luunhujemny@gmail.com,2022/02/25 13:02:38,2022/02/25 13:25:28,23,Yes,Y
10CV1-05-Lê Uyên Khanh,,2022/02/25 13:02:43,2022/02/25 14:38:05,96,Yes,Y
10CV2-14- Nguyễn Đức Bảo Khánh,,2022/02/25 13:02:44,2022/02/25 13:02:50,1,Yes
10CV2-14-Nguyễn Đức Bảo Khánh (10CV2-14- Nguyễn Đức Bảo Khánh),,2022/02/25 13:02:51,2022/02/25 14:43:09,101,Yes,Y
10CV1-27- Nguyễn Thanh Trúc,tristienguyen123@gmail.com,2022/02/25 13:02:51,2022/02/25 13:02:58,1,Yes
10CT2-15-Trịnh Tuấn Hưng,,2022/02/25 13:02:59,2022/02/25 13:03:03,1,Yes
10D2-23-Đinh Hoàng Phúc,phucdinhhoang2511@gmail.com,2022/02/25 13:03:02,2022/02/25 13:03:46,1,Yes
10CT2-15-Trịnh Tuấn Hưng,,2022/02/25 13:03:03,2022/02/25 14:38:09,96,Yes,Y
Đặng Kim Trúc,,2022/02/25 13:03:17,2022/02/25 13:03:48,1,Yes
10A-37-Nguyễn Đức Thắng,,2022/02/25 13:03:23,2022/02/25 13:03:49,1,Yes
10CH2-14- Hồ Đăng Khoa,dangkhoaho11@gmail.com,2022/02/25 13:03:28,2022/02/25 13:03:50,1,Yes
10CV2-33- Nguyễn Hoàng Mai Thảo,,2022/02/25 13:03:33,2022/02/25 13:03:48,1,Yes
10D1 - 32 - Lê Trương Hoàng Phi,letruonghoangphi2006@gmail.com,2022/02/25 13:03:34,2022/02/25 13:03:55,1,Yes
10CT2-33-Trương Minh Trân,,2022/02/25 13:03:42,2022/02/25 13:03:49,1,Yes
10D2-23-Đinh Hoàng Phúc,phucdinhhoang2511@gmail.com,2022/02/25 13:03:47,2022/02/25 13:50:38,47,Yes,Y
10B-41- Đặng Kim Trúc (Đặng Kim Trúc),,2022/02/25 13:03:48,2022/02/25 14:37:50,95,Yes,Y
10CV2-33- Nguyễn Hoàng Mai Thảo,,2022/02/25 13:03:48,2022/02/25 14:25:54,83,Yes,Y
10A-37-Nguyễn Đức Thắng,,2022/02/25 13:03:49,2022/02/25 14:37:48,94,Yes,Y
10CH2-14- Hồ Đăng Khoa,dangkhoaho11@gmail.com,2022/02/25 13:03:50,2022/02/25 14:42:59,100,Yes,Y
10D1-10-Lý Chí Dũng,,2022/02/25 13:03:50,2022/02/25 14:37:51,95,Yes,Y
10CT2-33-Trương Minh Trân,,2022/02/25 13:03:50,2022/02/25 14:37:55,95,Yes,Y
10A-28-Nguyễn Đình Tuấn Phúc,,2022/02/25 13:03:50,2022/02/25 13:04:12,1,Yes
10D1 - 32 - Lê Trương Hoàng Phi,letruonghoangphi2006@gmail.com,2022/02/25 13:03:56,2022/02/25 14:37:41,94,Yes,Y
10CT1-03-Nguyễn Sơn Bách,,2022/02/25 13:04:07,2022/02/25 13:04:13,1,Yes
10A-28-Nguyễn Đình Tuấn Phúc,,2022/02/25 13:04:13,2022/02/25 13:40:36,37,Yes,Y
10CV1-30- Nguyễn Ngọc Cát Tường,,2022/02/25 13:04:21,2022/02/25 13:04:24,1,Yes
10CV1-30- Nguyễn Ngọc Cát Tường,,2022/02/25 13:04:25,2022/02/25 13:16:48,13,Yes,Y
10CT2-24-Hoàng Khôi Nguyên,hkn.lthn553@gmail.com,2022/02/25 13:04:32,2022/02/25 13:04:39,1,Yes
10CT2-24-Hoàng Khôi Nguyên,hkn.lthn553@gmail.com,2022/02/25 13:04:39,2022/02/25 14:37:39,93,Yes,Y
10CV2-02-Đoàn Phương Anh,,2022/02/25 13:04:45,2022/02/25 13:04:48,1,Yes
10CV1-23-Nguyễn Thanh Thảo,,2022/02/25 13:04:48,2022/02/25 13:04:54,1,Yes
10CV2-02-Đoàn Phương Anh,,2022/02/25 13:04:49,2022/02/25 14:38:01,94,Yes,Y
10CH1-25- Vũ Lê Khánh Ngọc,,2022/02/25 13:04:50,2022/02/25 13:04:55,1,Yes
10CH1-21- Hồ Uyển Minh,,2022/02/25 13:04:50,2022/02/25 13:05:01,1,Yes
10CV1-16-Lữ Phụng Minh Như,,2022/02/25 13:04:54,2022/02/25 13:06:27,2,Yes
10CV1-23-Nguyễn Thanh Thảo,,2022/02/25 13:04:55,2022/02/25 14:37:53,93,Yes,Y
10CT1-20-Hồ Châu Khánh Ngọc,,2022/02/25 13:04:56,2022/02/25 14:43:09,99,Yes,Y
10CH1-21- Hồ Uyển Minh,,2022/02/25 13:05:01,2022/02/25 13:09:53,5,Yes,Y
10D1-30-Trần Ngọc Quỳnh Như,,2022/02/25 13:05:05,2022/02/25 13:05:08,1,Yes
10B-28-Quách Tiến Phát,,2022/02/25 13:05:07,2022/02/25 13:55:27,51,Yes,Y
10CV1-21-Nguyễn Quốc Nam Phương,namphuongmay@gmail.com,2022/02/25 13:05:10,2022/02/25 13:05:15,1,Yes
10CV1-21-Nguyễn Quốc Nam Phương,namphuongmay@gmail.com,2022/02/25 13:05:15,2022/02/25 14:37:46,93,Yes,Y
10D2-15- Võ Ngọc Thiên Kim,,2022/02/25 13:05:22,2022/02/25 13:05:32,1,Yes
10CV1-01-Lê Phước Như Đăng,,2022/02/25 13:05:27,2022/02/25 13:05:34,1,Yes
10D2-15- Võ Ngọc Thiên Kim,,2022/02/25 13:05:33,2022/02/25 14:08:27,63,Yes,Y
10CV1-01-Lê Phước Như Đăng,,2022/02/25 13:05:35,2022/02/25 14:38:36,94,Yes,Y
10CV1-27- Nguyễn Thanh Trúc,tristienguyen123@gmail.com,2022/02/25 13:06:26,2022/02/25 14:37:38,92,Yes,Y
10A-33- Tạ Hồng Quân,,2022/02/25 13:06:37,2022/02/25 13:42:31,36,Yes,Y
10CH1-25-Phạm Hữu Phúc,huuphucthll@gmail.com,2022/02/25 13:06:46,2022/02/25 13:07:13,1,Yes
10CT2-30- Ngô Thị Thanh Thủy,,2022/02/25 13:08:09,2022/02/25 13:08:50,1,Yes
10CT3-02-Đặng Hải Anh,,2022/02/25 13:08:48,2022/02/25 14:37:52,90,Yes,Y
10D1-23- Nguyễn Lưu Bảo Ngọc,,2022/02/25 13:08:48,2022/02/25 14:37:51,90,Yes,Y
10CV2-32-Nguyễn Nhật Tân,,2022/02/25 13:13:08,2022/02/25 13:13:12,1,Yes
10CT2-30- Ngô Thị Thanh Thủy,,2022/02/25 13:13:36,2022/02/25 13:13:42,1,Yes
10CV2-15-Nguyễn Đức Bảo Ngọc,,2022/02/25 13:13:55,2022/02/25 13:14:07,1,Yes
10CT1-28-Trần Thanh Hưng Thịnh,,2022/02/25 13:14:04,2022/02/25 13:14:13,1,Yes
10CV1-30- Nguyễn Ngọc Cát Tường,,2022/02/25 13:14:43,2022/02/25 13:14:51,1,Yes
10CH1-05-Trương Nguyễn Thành Danh,exaid2506@gmail.com,2022/02/25 13:15:04,2022/02/25 13:15:14,1,Yes
10CT2-8-Đoàn Gia Hào,huandoan321@gmail.com,2022/02/25 13:15:23,2022/02/25 14:05:41,51,Yes,Y
10A-32-Phạm Nguyễn Minh Quân,,2022/02/25 13:16:17,2022/02/25 13:16:30,1,Yes
10D2-24- Hoàng Thuy Trang,,2022/02/25 13:18:57,2022/02/25 13:19:13,1,Yes
10CT1 - 12 - Đỗ Xuân Huy,humblebeliis@gmail.com,2022/02/25 13:19:13,2022/02/25 13:36:09,17,Yes
10D2-24- Hoàng Thuy Trang,,2022/02/25 13:19:14,2022/02/25 13:49:59,31,Yes,Y
10D1-42- Biện Ngọc Ái Vy,aivy2392006@gmail.com,2022/02/25 13:24:59,2022/02/25 13:25:21,1,Yes
10A-31-Nguyễn Đoàn Minh Quân,,2022/02/25 13:26:53,2022/02/25 13:27:15,1,Yes
10CV1-17-Lưu Tâm Như,,2022/02/25 13:27:25,2022/02/25 14:37:44,71,Yes,Y
10A-17-Trần Hoàng Khải,,2022/02/25 13:28:56,2022/02/25 13:29:02,1,Yes
10CH2-14- Nguyễn Nhung Huyền,nhunghuyenvungtau@gmail.com,2022/02/25 13:32:23,2022/02/25 13:32:33,1,Yes
10CV2-32-Nguyễn Nhật Tân,,2022/02/25 13:35:05,2022/02/25 13:35:26,1,Yes
10CV2-32-Nguyễn Nhật Tân,,2022/02/25 13:35:26,2022/02/25 14:43:08,68,Yes,Y
10CT1 - 12 - Đỗ Xuân Huy,humblebeliis@gmail.com,2022/02/25 13:36:12,2022/02/25 14:37:39,62,Yes
10CH1-29-Nguyễn Kim Thư,,2022/02/25 13:39:04,2022/02/25 13:41:37,3,Yes
10D2-27-Nguyễn Thanh Sơn,,2022/02/25 13:40:53,2022/02/25 13:41:06,1,Yes
10B-13-Hồ Nguyên Khang,,2022/02/25 13:41:02,2022/02/25 13:41:06,1,Yes
10D1-09-Trần Nguyễn Bảo Di,,2022/02/25 13:41:51,2022/02/25 14:43:09,62,Yes
10B-23-Nguyễn Nhật Minh,,2022/02/25 13:42:35,2022/02/25 14:29:32,47,Yes
10CH1-29-Nguyễn Kim Thư,,2022/02/25 13:42:41,2022/02/25 13:44:03,2,Yes
10B-13-Hồ Nguyên Khang,,2022/02/25 13:42:52,2022/02/25 13:44:07,2,Yes
10B-13-Hồ Nguyên Khang,,2022/02/25 13:44:07,2022/02/25 13:45:25,2,Yes
10CV2- 28 - Mạc Gia Phụng,,2022/02/25 13:44:51,2022/02/25 14:43:09,59,Yes
10D1-30-Trần Ngọc Quỳnh Như,,2022/02/25 13:45:32,2022/02/25 13:45:45,1,Yes
10A-32-Phạm Nguyễn Minh Quân,,2022/02/25 13:47:02,2022/02/25 14:43:01,56,Yes
10CT1-32- Huỳnh Minh Tuấn,,2022/02/25 13:48:27,2022/02/25 13:48:35,1,Yes
10CT1-21- Nguyễn Phương Nhi,,2022/02/25 13:49:41,2022/02/25 13:51:20,2,Yes
10CT1-21- Nguyễn Phương Nhi,,2022/02/25 13:51:20,2022/02/25 14:40:16,49,Yes
10D2-23-Đinh Hoàng Phúc,phucdinhhoang2511@gmail.com,2022/02/25 13:56:31,2022/02/25 13:57:40,2,Yes
10D2-23-Đinh Hoàng Phúc,phucdinhhoang2511@gmail.com,2022/02/25 13:57:40,2022/02/25 14:37:56,41,Yes
10CH2-32-Nguyễn Đoàn Minh Tâm,,2022/02/25 14:01:55,2022/02/25 14:02:07,1,Yes
10D1-26-Nguyễn Bảo Nhi,,2022/02/25 14:01:57,2022/02/25 14:02:04,1,Yes
10D1-26-Nguyễn Bảo Nhi,,2022/02/25 14:02:05,2022/02/25 14:37:50,36,Yes,Y
10CV1-06-Trần Ngọc Kiều Khanh,,2022/02/25 14:04:23,2022/02/25 14:38:00,34,Yes
10CH2-32-Nguyễn Đoàn Minh Tâm,,2022/02/25 14:06:10,2022/02/25 14:06:19,1,Yes
10CH1-29-Nguyễn Kim Thư,,2022/02/25 14:06:40,2022/02/25 14:16:28,10,Yes
10CT2-8-Đoàn Gia Hào,huandoan321@gmail.com,2022/02/25 14:07:54,2022/02/25 14:08:44,1,Yes
10D2-10-Nguyễn Minh Hiếu,nguyenminhhieu160106@gmail.com,2022/02/25 14:09:03,2022/02/25 14:09:47,1,Yes
10D2-10-Nguyễn Minh Hiếu,nguyenminhhieu160106@gmail.com,2022/02/25 14:09:47,2022/02/25 14:38:36,29,Yes
10CT2-8-Đoàn Gia Hào,huandoan321@gmail.com,2022/02/25 14:11:00,2022/02/25 14:32:51,22,Yes,Y
10CH1-19-Lê Tấn Hoàng Khôi,,2022/02/25 14:19:24,2022/02/25 14:20:04,1,Yes
10CH1-19-Lê Tấn Hoàng Khôi,,2022/02/25 14:20:05,2022/02/25 14:38:51,19,Yes,Y
10B-30-Lê Nguyễn Như Phúc,,2022/02/25 14:31:08,2022/02/25 14:37:41,7,Yes
10D1-36-Lê Hoàng Kim Thảo,,2022/02/25 14:33:45,2022/02/25 14:33:50,1,Yes
10CH1-21- Hồ Uyển Minh,,2022/02/25 14:35:43,2022/02/25 14:37:52,3,Yes
10D2-22-Lưu Trọng Phú,,2022/02/25 14:37:54,2022/02/25 14:39:24,2,Yes
10D2-22-Lưu Trọng Phú,,2022/02/25 14:39:24,2022/02/25 14:42:58,4,Yes,Y
10D2-14-Trịnh Thuyên Kim,,2022/02/25 12:55:09,2022/02/25 12:55:22,1,Yes
10CT1-19-Nguyễn Hoài Nam,,2022/02/25 12:55:10,2022/02/25 12:55:18,1,Yes
10D1 - 37 - Nguyễn Ngọc Thanh Thảo,,2022/02/25 12:55:16,2022/02/25 12:55:32,1,Yes
10CH2-01-Phan Nguyễn Gia An (10CH1-02-Phan Nguyễn Gia An),giaan.ch24@gmail.com,2022/02/25 12:55:17,2022/02/25 13:23:18,29,Yes,Y
10CH2-38-Nguyễn Lê Bảo Trân,,2022/02/25 12:55:17,2022/02/25 14:38:24,104,Yes,Y
10A-17-Trần Hoàng Khải,,2022/02/25 12:55:17,2022/02/25 13:29:03,34,Yes,Y
10A-34- Phạm Thảo Quyên,quyen.phamthaochicky@gmail.com,2022/02/25 12:55:18,2022/02/25 12:55:36,1,Yes
10CV1-28-Trần Ngọc Thanh Trúc,,2022/02/25 12:55:18,2022/02/25 14:38:36,104,Yes,Y
10CV2-34-Lê Phạm Tường Vi,,2022/02/25 12:55:18,2022/02/25 12:55:32,1,Yes
10B-13-Hồ Nguyên Khang,,2022/02/25 12:55:18,2022/02/25 13:38:12,43,Yes,Y
10CV2-40-Hà Hải Yến,,2022/02/25 12:55:20,2022/02/25 12:56:08,1,Yes
10CH2-34-Võ Lê Thanh Thảo,,2022/02/25 12:55:22,2022/02/25 12:55:33,1,Yes
10D1-21-Đoàn Bảo Ngân,ngandoan.270306@gmail.com,2022/02/25 12:55:24,2022/02/25 14:38:59,104,Yes,Y
10CH2-32-Nguyễn Đoàn Minh Tâm,,2022/02/25 12:55:25,2022/02/25 13:59:21,64,Yes,Y
10D1 - 37 - Nguyễn Ngọc Thanh Thảo,,2022/02/25 12:55:32,2022/02/25 14:37:36,103,Yes,Y
10CV2-37-Lê Phạm Tường Vi (10CV2-34-Lê Phạm Tường Vi),,2022/02/25 12:55:33,2022/02/25 14:37:50,103,Yes,Y
10CT2-39-Huỳnh Minh Tâm,tamhuynh2506@gmail.com,2022/02/25 12:55:33,2022/02/25 14:37:48,103,Yes,Y
10CH2-34-Võ Lê Thanh Thảo,,2022/02/25 12:55:34,2022/02/25 14:11:25,76,Yes,Y
10D1-09-Trần Nguyễn Bảo Di,,2022/02/25 12:55:37,2022/02/25 12:55:48,1,Yes
10D2-17-Nguyễn Quang Đông Nghi,,2022/02/25 12:55:40,2022/02/25 12:55:46,1,Yes
10CT1-33- Trần Anh Tuấn,anhtuanteo2006@gmail.com,2022/02/25 12:55:40,2022/02/25 12:55:46,1,Yes
10CV1-31-Lê Lan Vy,,2022/02/25 12:55:44,2022/02/25 12:55:46,1,Yes
10-Nguyễn Hoàng Ngân,,2022/02/25 12:55:44,2022/02/25 12:56:00,1,Yes
10D2-17-Nguyễn Quang Đông Nghi,,2022/02/25 12:55:47,2022/02/25 14:37:41,102,Yes,Y
10CV2-10- Nguyễn Bảo Hân (10CV2-08-Nguyễn Bảo Hân),baohan47.hoabinh@gmail.com,2022/02/25 12:55:47,2022/02/25 14:37:48,103,Yes,Y
10B-45-Nguyễn Nhật Vy,,2022/02/25 12:55:48,2022/02/25 14:37:54,103,Yes,Y
10039-Quách Tú Minh,nh0cminh293@gmail.com,2022/02/25 12:55:48,2022/02/25 12:55:56,1,Yes
10D1-09-Trần Nguyễn Bảo Di,,2022/02/25 12:55:48,2022/02/25 13:41:21,46,Yes,Y
10CV2-17-Ngô Phương Linh,ngophuonglinh06@gmail.com,2022/02/25 12:55:51,2022/02/25 12:55:59,1,Yes
10D2-18- Nguyễn Thị Thanh Ngọc,ngocnguyn110906@gmail.com,2022/02/25 12:55:53,2022/02/25 12:56:00,1,Yes
10CH1-33-Phạm Trần Anh Tuấn,,2022/02/25 12:55:54,2022/02/25 12:55:58,1,Yes
10D2-18- Nguyễn Thị Thanh Ngọc,ngocnguyn110906@gmail.com,2022/02/25 12:56:00,2022/02/25 14:37:55,102,Yes,Y
10D2-16-Nguyễn Hoàng Ngân (10-Nguyễn Hoàng Ngân),,2022/02/25 12:56:01,2022/02/25 14:39:01,103,Yes,Y
10CH2-04-Trần Lê Ngọc Ánh,,2022/02/25 12:56:04,2022/02/25 13:31:37,36,Yes,Y
10CV2-15- Trịnh Thiên Kim,,2022/02/25 12:56:08,2022/02/25 12:56:16,1,Yes
10D1-11 Quan Hiểu Đồng,alisaquan521@gmail.com,2022/02/25 12:56:09,2022/02/25 12:56:13,1,Yes
10D2-21-Đặng Đức Phú,,2022/02/25 12:56:13,2022/02/25 12:56:32,1,Yes
10D1-11 Quan Hiểu Đồng,alisaquan521@gmail.com,2022/02/25 12:56:14,2022/02/25 14:37:50,102,Yes,Y
10CT3-06-Bùi Trí Dũng,,2022/02/25 12:56:14,2022/02/25 12:56:33,1,Yes
10CV2-22-Trần Bảo Ngọc,,2022/02/25 12:56:14,2022/02/25 12:56:29,1,Yes
10CV2- 28 - Mạc Gia Phụng,,2022/02/25 12:56:15,2022/02/25 12:56:32,1,Yes
10CT1-07- Trịnh Thái Dương (10CT1-09- Trịnh Thái Dương),,2022/02/25 12:56:19,2022/02/25 14:37:47,102,Yes,Y
10CV2-38- Lê Phạm Tường Vy,tuongvy2222006@gmail.com,2022/02/25 12:56:21,2022/02/25 12:56:31,1,Yes
10A-21-Nguyễn Duy Khiêm,,2022/02/25 12:56:21,2022/02/25 12:56:32,1,Yes
10CT2-32- Lê Đặng Thuỳ Trang,,2022/02/25 12:56:23,2022/02/25 12:56:30,1,Yes
10D1-25-Mai Bảo Nhi,,2022/02/25 12:56:24,2022/02/25 12:56:33,1,Yes
10CH2-02- Huỳnh Nguyễn Quỳnh Anh,huynhnguyenqa311201@gmail.com,2022/02/25 12:56:27,2022/02/25 12:56:35,1,Yes
10CV2-22-Trần Bảo Ngọc,,2022/02/25 12:56:30,2022/02/25 14:37:51,102,Yes,Y
10CV1-07- Trương Ngọc Bảo Khanh,,2022/02/25 12:56:31,2022/02/25 14:37:42,102,Yes,Y
10CV2-38- Lê Phạm Tường Vy,tuongvy2222006@gmail.com,2022/02/25 12:56:31,2022/02/25 14:37:38,102,Yes,Y
10A- 41- Huỳnh Vũ Khánh Tùng,huynhvukhanhtung@gmail.com,2022/02/25 12:56:32,2022/02/25 12:57:32,1,Yes
10CV2- 28 - Mạc Gia Phụng,,2022/02/25 12:56:32,2022/02/25 13:13:50,18,Yes,Y
10A-16-Ngô Trần Quỳnh Hương,quynhhuongngotran@gmail.com,2022/02/25 12:56:32,2022/02/25 14:37:49,102,Yes,Y
10A-26-Dương Bảo Nhi,,2022/02/25 12:56:33,2022/02/25 14:37:49,102,Yes,Y
10CH2-02- Huỳnh Nguyễn Quỳnh Anh,huynhnguyenqa311201@gmail.com,2022/02/25 12:56:35,2022/02/25 14:37:50,102,Yes,Y
10CH1-31-Nguyễn Đình Thanh Trinh,,2022/02/25 12:56:36,2022/02/25 12:57:34,1,Yes
10CV2-04-Huỳnh Trần Bảo Châu,,2022/02/25 12:56:36,2022/02/25 12:57:32,1,Yes
10A-12- Nguyễn Kỳ Anh Hào,nguyenkyanhhao27@gmail.com,2022/02/25 12:56:38,2022/02/25 12:58:37,2,Yes
10CT3-16-Trần Thị Kiều My,,2022/02/25 12:56:43,2022/02/25 12:57:34,1,Yes
10CT1-27-Bùi Minh Thành,,2022/02/25 12:56:46,2022/02/25 12:57:34,1,Yes
10CH1-09-Trần Ngô Minh Hạnh,,2022/02/25 12:56:53,2022/02/25 12:57:32,1,Yes
10CT1-06-Nguyễn Lê Thùy Dương,,2022/02/25 12:56:53,2022/02/25 12:57:35,1,Yes
Phan Trần Bảo Nghi,,2022/02/25 12:56:56,2022/02/25 12:57:30,1,Yes
10CV2-41-Hà Hải Yến,,2022/02/25 12:56:56,2022/02/25 12:57:34,1,Yes
10CV2-02- Đoàn Phương Anh,,2022/02/25 12:56:57,2022/02/25 12:57:35,1,Yes
10CH1-14-Nguyễn Cao Minh Huy,huylahuy1357@gmail.com,2022/02/25 12:56:58,2022/02/25 12:57:34,1,Yes
10D2-05-Liêu Lin Chi,,2022/02/25 12:57:00,2022/02/25 12:57:31,1,Yes
10A-02-Hồ Đoàn Vân Anh,,2022/02/25 12:57:03,2022/02/25 12:57:30,1,Yes
10A-39-Ngô Anh Thư,,2022/02/25 12:57:06,2022/02/25 12:57:31,1,Yes
10D1-40- Đồng Khánh Toàn,,2022/02/25 12:57:08,2022/02/25 12:57:31,1,Yes
10D1-17- Đỗ Trùng Kiệt,,2022/02/25 12:57:11,2022/02/25 12:57:43,1,Yes
10A-1044-Võ Ngọc Minh Vy,,2022/02/25 12:57:24,2022/02/25 12:57:34,1,Yes
10D2-22-Lưu Trọng Phú,,2022/02/25 12:57:26,2022/02/25 12:57:34,1,Yes
10CT1-30-Đỗ Minh Trí,,2022/02/25 12:57:27,2022/02/25 12:57:33,1,Yes
10D1-29- Nguyễn Ngọc Quỳnh Như,,2022/02/25 12:57:30,2022/02/25 14:43:04,106,Yes,Y
10B-21-Trần Ngọc Xuân Mai,tranmaiamy123@gmail.com,2022/02/25 12:57:31,2022/02/25 12:58:03,1,Yes
10CH1-29-Nguyễn Kim Thư,,2022/02/25 12:57:31,2022/02/25 13:38:54,42,Yes,Y
10D2-05-Liêu Lin Chi,,2022/02/25 12:57:31,2022/02/25 14:10:40,74,Yes,Y
10A-39-Ngô Anh Thư,,2022/02/25 12:57:31,2022/02/25 14:40:10,103,Yes,Y
10D1-40- Đồng Khánh Toàn,,2022/02/25 12:57:31,2022/02/25 14:37:42,101,Yes,Y
10D1-24-Nguyễn Thị Như Ngọc,,2022/02/25 12:57:31,2022/02/25 12:58:00,1,Yes
10CH1-09-Trần Ngô Minh Hạnh,,2022/02/25 12:57:32,2022/02/25 14:43:08,106,Yes,Y
10D1-27-Hồ Thị Yến Như,,2022/02/25 12:57:32,2022/02/25 12:58:03,1,Yes
10CV2-04- Huỳnh Trần Bảo Châu (10CV2-04-Huỳnh Trần Bảo Châu),,2022/02/25 12:57:33,2022/02/25 14:37:52,101,Yes,Y
10CT1-30-Đỗ Minh Trí,,2022/02/25 12:57:33,2022/02/25 14:38:09,101,Yes,Y
10CH1-14-Nguyễn Cao Minh Huy,huylahuy1357@gmail.com,2022/02/25 12:57:34,2022/02/25 14:37:40,101,Yes,Y
10CH1-31-Nguyễn Đình Thanh Trinh,,2022/02/25 12:57:35,2022/02/25 14:37:41,101,Yes,Y
10CT1-27-Bùi Minh Thành,,2022/02/25 12:57:35,2022/02/25 14:37:38,101,Yes,Y
10CV2-02- Đoàn Phương Anh,,2022/02/25 12:57:35,2022/02/25 13:11:15,14,Yes,Y
10CT1-06-Nguyễn Lê Thùy Dương,,2022/02/25 12:57:36,2022/02/25 14:37:53,101,Yes,Y
10CV2-30- Nguyễn Gia Bảo Quyên (10CV2-30-Nguyễn Gia Bảo Quyên),,2022/02/25 12:57:36,2022/02/25 14:38:25,101,Yes,Y
10CV1-13-Lê Phan Hoàng My,,2022/02/25 12:57:39,2022/02/25 12:58:03,1,Yes
10B-19-Nguyễn Thanh Trúc Ly,tltrucly071106@gmail.com,2022/02/25 12:57:41,2022/02/25 12:58:03,1,Yes
10CT1-14- Liễu Tấn Khoa,,2022/02/25 12:57:42,2022/02/25 12:58:02,1,Yes
10CH2-06- Nguyễn Võ An Châu,,2022/02/25 12:57:42,2022/02/25 12:58:01,1,Yes
10CT2-01-Trần Đỗ Minh Anh,,2022/02/25 12:57:45,2022/02/25 12:58:03,1,Yes
10CT2-07- Hồ Phương Duy,duy26332006@gmail.com,2022/02/25 12:57:45,2022/02/25 12:58:15,1,Yes
10D2-21-Đặng Đức Phú,,2022/02/25 12:57:48,2022/02/25 12:58:03,1,Yes
10CT2-13-Vũ Quốc Hùng (Vũ Quốc Hùng),hungtobot123@gmail.com,2022/02/25 12:57:48,2022/02/25 14:37:51,101,Yes,Y
Vũ Trần Đình Nhi-10CV1,,2022/02/25 12:58:00,2022/02/25 12:58:23,1,Yes
10CT1-14- Liễu Tấn Khoa,,2022/02/25 12:58:02,2022/02/25 14:38:14,101,Yes,Y
10CT2-26- Huỳnh Vũ Nhã Quỳnh (HUỲNH VŨ NHÃ QUỲNH),,2022/02/25 12:58:02,2022/02/25 13:07:34,10,Yes,Y
10D2-21-Đặng Đức Phú,,2022/02/25 12:58:03,2022/02/25 12:59:47,2,Yes
10CT1-29-Lê Ân Tri,,2022/02/25 12:58:03,2022/02/25 14:37:41,100,Yes,Y
10CT2-01-Trần Đỗ Minh Anh,,2022/02/25 12:58:04,2022/02/25 13:06:21,9,Yes,N
10D1-27-Hồ Thị Yến Như,,2022/02/25 12:58:04,2022/02/25 14:43:02,105,Yes,Y
10D2-38-Trần Thanh Tùng,,2022/02/25 12:58:05,2022/02/25 13:28:10,31,Yes,Y
10A-45-Hoàng Thị Yến,,2022/02/25 12:58:05,2022/02/25 14:42:58,105,Yes,Y
10CH1-30- Nguyễn Huyền Trang,trang62718@gmail.com,2022/02/25 12:58:10,2022/02/25 12:58:25,1,Yes
10CH1-08-Lê Văn Viễn Đông,,2022/02/25 12:58:16,2022/02/25 12:58:24,1,Yes
10CT2-07- Hồ Phương Duy,duy26332006@gmail.com,2022/02/25 12:58:16,2022/02/25 14:37:39,100,Yes,Y
10A-22-Võ Nguyễn Anh Khoa,,2022/02/25 12:58:20,2022/02/25 14:37:45,100,Yes,Y
10CV2-03-Tạ Mỹ Anh,,2022/02/25 12:58:23,2022/02/25 12:58:55,1,Yes
10D2-43-Phạm Yến Vy,,2022/02/25 12:58:23,2022/02/25 12:58:52,1,Yes
10B-15- Nguyễn Trần Nhật Lam,,2022/02/25 12:58:23,2022/02/25 13:08:21,10,Yes,N
10CH1-08-Lê Văn Viễn Đông,,2022/02/25 12:58:24,2022/02/25 14:37:49,100,Yes,Y
10CH1-15-Nguyễn Võ Viết Hưng,,2022/02/25 12:58:25,2022/02/25 14:38:19,100,Yes,Y
10CH1-30- Nguyễn Huyền Trang,trang62718@gmail.com,2022/02/25 12:58:25,2022/02/25 13:14:45,17,Yes,Y
10CH1-06-Hoàng Nguyễn Uyển Doanh,,2022/02/25 12:58:27,2022/02/25 14:37:39,100,Yes,Y
10CV2-14- Nguyễn Ngọc Bảo Ngân,baongan.elgris@gmail.com,2022/02/25 12:58:28,2022/02/25 12:58:53,1,Yes
10A-11-Trần Lê Hoàng Gia,tranlehoanggia2006@gmail.com,2022/02/25 12:58:29,2022/02/25 12:58:53,1,Yes
10CT1-24-Nguyễn Lưu Hoàng Phúc,,2022/02/25 12:58:31,2022/02/25 12:58:54,1,Yes
10CT1-11-Liên Trung Hiếu,conancute159753@gmail.com,2022/02/25 12:58:33,2022/02/25 12:58:53,1,Yes
10CH1-04-Mai Gia Bảo,,2022/02/25 12:58:35,2022/02/25 12:58:52,1,Yes
10CV2-09- Lê Diệp Gia Hân,,2022/02/25 12:58:38,2022/02/25 12:58:54,1,Yes
10CH1-04-Mai Gia Bảo,,2022/02/25 12:58:53,2022/02/25 14:38:28,100,Yes,Y
10CT1-11-Liên Trung Hiếu,conancute159753@gmail.com,2022/02/25 12:58:53,2022/02/25 12:59:07,1,Yes
10CV2-19-Nguyễn Ngọc Bảo Ngân (10CV2-14- Nguyễn Ngọc Bảo Ngân),baongan.elgris@gmail.com,2022/02/25 12:58:54,2022/02/25 14:37:55,100,Yes,Y
10CT1-24-Nguyễn Lưu Hoàng Phúc,,2022/02/25 12:58:54,2022/02/25 14:37:41,99,Yes,Y
10B-42-Trương Ngọc Phương Tuyến,,2022/02/25 12:58:54,2022/02/25 13:13:51,15,Yes,Y
10CT1-10- Lê Minh Đức,lemonduckiee@gmail.com,2022/02/25 12:58:55,2022/02/25 14:40:58,103,Yes,Y
10CV2-03-Tạ Mỹ Anh,,2022/02/25 12:58:55,2022/02/25 14:42:57,105,Yes,Y
10B-23-Nguyễn Nhật Minh,,2022/02/25 12:58:56,2022/02/25 13:42:34,44,Yes,Y
10CT3-13- Huỳnh Tiến Lợi,htl20112006@gmail.com,2022/02/25 12:58:57,2022/02/25 12:59:13,1,Yes
10D1-33-Hoàng Nhật Phương,hoangnhatphuong0904@gmail.com,2022/02/25 12:59:00,2022/02/25 12:59:13,1,Yes
10CT3-13- Huỳnh Tiến Lợi,htl20112006@gmail.com,2022/02/25 12:59:13,2022/02/25 14:38:19,100,Yes,Y
10D1-33-Hoàng Nhật Phương,hoangnhatphuong0904@gmail.com,2022/02/25 12:59:13,2022/02/25 14:37:51,99,Yes,Y
10D2-19- Mai Yến Nhi,jennyyen13006@gmail.com,2022/02/25 12:59:18,2022/02/25 13:40:07,41,Yes,Y
Đỗ Xuân Huy - 10CT1 - 12,humblebeliis@gmail.com,2022/02/25 12:59:20,2022/02/25 13:10:57,12,Yes,Y
10CH2-08-Lê Lộc Tiến Đạt,,2022/02/25 12:59:21,2022/02/25 12:59:42,1,Yes
Châu Vũ Cao Thắng,,2022/02/25 12:59:24,2022/02/25 12:59:29,1,Yes
10CH2-29-Hoàng Hồng Phúc,phuchonghoang305@gmail.com,2022/02/25 12:59:29,2022/02/25 14:43:09,104,Yes,Y
10A-36-Châu Vũ Cao Thắng (Châu Vũ Cao Thắng),,2022/02/25 12:59:30,2022/02/25 14:37:51,99,Yes,Y
10CT2-04- Phùng Nhật Cường,,2022/02/25 12:59:30,2022/02/25 12:59:39,1,Yes
10A-05- Nguyễn Võ Minh Anh,,2022/02/25 12:59:32,2022/02/25 13:00:03,1,Yes
10CH2-33- Dương Huỳnh Thanh Thảo,thanhthao190606@gmail.com,2022/02/25 12:59:35,2022/02/25 14:38:12,99,Yes,Y
10CT1-11-Liên Trung Hiếu,conancute159753@gmail.com,2022/02/25 12:59:36,2022/02/25 13:00:02,1,Yes
10D1-02-Ngô Đỗ Quỳnh Anh,quynhanhngodo@gmail.com,2022/02/25 12:59:38,2022/02/25 13:00:00,1,Yes
10D2-40- Nguyễn Hồng Phương Uyên,,2022/02/25 12:59:40,2022/02/25 13:00:33,1,Yes
10CV2-29- Nguyễn Thị Bích Phượng,,2022/02/25 12:59:41,2022/02/25 13:00:02,1,Yes
10D1-19-Ngô Phương Linh,phuonglinh2006ngo@gmail.com,2022/02/25 12:59:43,2022/02/25 13:00:04,1,Yes
10CH2-08-Lê Lộc Tiến Đạt,,2022/02/25 12:59:43,2022/02/25 14:37:46,99,Yes,Y
10D2-Trần Minh Trí,lilshiet288@gmail.com,2022/02/25 12:59:46,2022/02/25 13:00:07,1,Yes
10CV1-25-Nguyễn Ngô Đài Trang,,2022/02/25 12:59:53,2022/02/25 13:00:06,1,Yes
10CT2-16- Nguyễn Ngọc Quỳnh Hương,nguyenhuong1932006@gmail.com,2022/02/25 12:59:59,2022/02/25 13:00:15,1,Yes
10CV2-29- Nguyễn Thị Bích Phượng,,2022/02/25 13:00:02,2022/02/25 13:24:37,25,Yes,Y
10D1-41-Phan Trương Bảo Trân,,2022/02/25 13:00:02,2022/02/25 14:37:52,98,Yes,Y
10A-12- Nguyễn Kỳ Anh Hào,nguyenkyanhhao27@gmail.com,2022/02/25 13:00:03,2022/02/25 13:07:32,8,Yes,Y
10D1-19-Ngô Phương Linh,phuonglinh2006ngo@gmail.com,2022/02/25 13:00:04,2022/02/25 14:37:49,98,Yes,Y
10CT1 - 06 - Nguyễn Phong Doanh,,2022/02/25 13:00:04,2022/02/25 14:40:33,101,Yes,Y
10CT1-28-Trần Thanh Hưng Thịnh,,2022/02/25 13:00:05,2022/02/25 13:14:23,15,Yes,Y
10CV1-25-Nguyễn Ngô Đài Trang,,2022/02/25 13:00:06,2022/02/25 14:43:08,104,Yes
10D2-37-Trần Minh Trí (10D2-Trần Minh Trí),lilshiet288@gmail.com,2022/02/25 13:00:07,2022/02/25 14:37:52,98,Yes,Y
Lại Nguyễn Minh Thông-39-10D1,,2022/02/25 13:00:12,2022/02/25 13:00:42,1,Yes
10B-07- Nguyễn Trọng Hiếu,tuilahieu2k6@gmail.com,2022/02/25 13:00:13,2022/02/25 13:00:19,1,Yes
10CH2-28-Lê Trần Hải Ninh,tieninh1203@gmail.com,2022/02/25 13:00:21,2022/02/25 13:42:19,42,Yes,Y
10D2-28-Phạm Võ Mai Thanh,,2022/02/25 13:00:32,2022/02/25 13:00:38,1,Yes
10D2-40-Nguyễn Hồng Phương Uyên (10D2-40- Nguyễn Hồng Phương Uyên),,2022/02/25 13:00:33,2022/02/25 14:37:48,98,Yes,Y
10CT3-10-Trương Anh Khoa,,2022/02/25 13:00:37,2022/02/25 14:37:52,98,Yes,Y
10D2-28-Phạm Võ Mai Thanh,,2022/02/25 13:00:38,2022/02/25 14:39:27,99,Yes,Y
10A-18-Nguyễn Huỳnh Việt Khang,,2022/02/25 13:00:38,2022/02/25 14:37:56,98,Yes,Y
10D1-16-Nguyễn Minh Khuê,,2022/02/25 13:00:39,2022/02/25 13:01:27,1,Yes
10CT2-24-Lê Trần Minh Phương,minhphuongle2006@gmail.com,2022/02/25 13:00:46,2022/02/25 13:00:53,1,Yes
Thai An,,2022/02/25 13:00:50,2022/02/25 13:01:40,1,Yes
10CT2-24-Lê Trần Minh Phương,minhphuongle2006@gmail.com,2022/02/25 13:00:53,2022/02/25 14:37:56,98,Yes,Y
10CV2-33- Nguyễn Hoàng Mai Thảo,susu14052006@gmail.com,2022/02/25 13:01:03,2022/02/25 13:01:39,1,Yes
Khánh Ngọc,,2022/02/25 13:01:07,2022/02/25 13:01:57,1,Yes
10CH2-15- Hồ Đăng Khoa,,2022/02/25 13:01:09,2022/02/25 13:01:42,1,Yes
10CT1-02-Nguyễn Ngọc Minh Anh,nnminhanh268@gmail.com,2022/02/25 13:01:12,2022/02/25 13:01:39,1,Yes
10CV2-32-Nguyễn Nhật Tân,phuongntb6@gmail.com,2022/02/25 13:01:20,2022/02/25 13:01:41,1,Yes
10A-03-Nguyễn Lê Quỳnh Anh,,2022/02/25 13:01:28,2022/02/25 13:01:40,1,Yes
10D1-34-Nguyễn Thị Yến Thanh,mai.nguyen.ngoan@gmail.com,2022/02/25 13:01:29,2022/02/25 13:01:38,1,Yes
10CT1-34-Trần Hoàng Khả Uyên,,2022/02/25 13:01:35,2022/02/25 13:01:43,1,Yes
10D1-34-Nguyễn Thị Yến Thanh,mai.nguyen.ngoan@gmail.com,2022/02/25 13:01:39,2022/02/25 14:42:59,102,Yes,Y
10CV2-33- Nguyễn Hoàng Mai Thảo,susu14052006@gmail.com,2022/02/25 13:01:40,2022/02/25 13:04:54,4,Yes
10D2-02-Trần Nguyễn Thái Ân (Thai An),,2022/02/25 13:01:41,2022/02/25 14:37:41,96,Yes,Y
10A-42-Phạm Hoàng Thảo Uyên,tauyn.pm@gmail.com,2022/02/25 13:01:41,2022/02/25 14:37:53,97,Yes,Y
10D1-39-Lại Nguyễn Minh Thông,,2022/02/25 13:01:41,2022/02/25 14:37:50,97,Yes,Y
10CV1-04-Đỗ Thy Gia Hân,,2022/02/25 13:01:42,2022/02/25 14:16:55,76,Yes,Y
10CH2-15- Hồ Đăng Khoa,,2022/02/25 13:01:42,2022/02/25 13:02:34,1,Yes
10A-23-Huỳnh MInh Khôi,,2022/02/25 13:01:43,2022/02/25 13:02:07,1,Yes
PHú,,2022/02/25 13:01:48,2022/02/25 13:02:03,1,Yes
10CV1-16-Lữ Phụng Minh Như,,2022/02/25 13:01:51,2022/02/25 13:04:35,3,Yes
10CV2-03-Đỗ Ánh Dương,,2022/02/25 13:01:56,2022/02/25 13:02:04,1,Yes
10CH2-16- Đỗ Lâm Phương Mai,,2022/02/25 13:02:02,2022/02/25 14:37:49,96,Yes,Y
17-10CV1-Lưu Tâm Như,luunhujemny@gmail.com,2022/02/25 13:02:17,2022/02/25 13:02:38,1,Yes
10D2-11-Nguyễn Quốc Huy,,2022/02/25 13:02:20,2022/02/25 13:02:39,1,Yes
10CT1-13- Trương Trần Gia Huy,truongtrangiahuy2006@gmail.com,2022/02/25 13:02:29,2022/02/25 13:02:40,1,Yes
10D2-11-Nguyễn Quốc Huy,,2022/02/25 13:02:39,2022/02/25 14:37:52,96,Yes,Y
10CT1-13- Trương Trần Gia Huy,truongtrangiahuy2006@gmail.com,2022/02/25 13:02:40,2022/02/25 14:16:17,74,Yes,Y
10CT3-03-Hồ Hoàng Bách,,2022/02/25 13:02:55,2022/02/25 13:03:04,1,Yes
10CV1-27- Nguyễn Thanh Trúc,tristienguyen123@gmail.com,2022/02/25 13:02:58,2022/02/25 13:06:20,4,Yes
10CT3-03-Hồ Hoàng Bách,,2022/02/25 13:03:04,2022/02/25 14:43:08,101,Yes,Y
10A-20-Bùi Gia Khiêm,khiembui2605@gmail.com,2022/02/25 13:03:11,2022/02/25 13:03:46,1,Yes
10D1-10-Lý Chí Dũng,,2022/02/25 13:03:11,2022/02/25 13:03:49,1,Yes
10A-20-Bùi Gia Khiêm,khiembui2605@gmail.com,2022/02/25 13:03:47,2022/02/25 14:37:40,94,Yes,Y
10CT1-03-Nguyễn Sơn Bách,,2022/02/25 13:04:13,2022/02/25 14:43:06,99,Yes,Y
10CT1-20-Hồ Châu Khánh Ngọc,,2022/02/25 13:04:50,2022/02/25 13:04:56,1,Yes
10CH1-25- Vũ Lê Khánh Ngọc,,2022/02/25 13:04:56,2022/02/25 14:38:37,94,Yes,Y
10B-28-Quách Tiến Phát,,2022/02/25 13:04:58,2022/02/25 13:05:07,1,Yes
10D1-30-Trần Ngọc Quỳnh Như,,2022/02/25 13:05:09,2022/02/25 13:21:46,17,Yes,Y
10CT1-23-Đoàn Hồng Phúc,,2022/02/25 13:06:23,2022/02/25 14:37:41,92,Yes,Y
10A-33- Tạ Hồng Quân,,2022/02/25 13:06:32,2022/02/25 13:06:37,1,Yes
10CT2-01-Trần Đỗ Minh Anh,,2022/02/25 13:06:41,2022/02/25 13:07:16,1,Yes
10CT3-02-Đặng Hải Anh,,2022/02/25 13:08:09,2022/02/25 13:08:47,1,Yes
10CV2-40- Phan Nguyễn Ngọc Xuân,pnnx1003@gmail.com,2022/02/25 13:08:15,2022/02/25 13:08:51,1,Yes
10B-15- Nguyễn Trần Nhật Lam,,2022/02/25 13:09:01,2022/02/25 13:09:12,1,Yes
10B-15- Nguyễn Trần Nhật Lam,,2022/02/25 13:09:12,2022/02/25 13:26:36,18,Yes,Y
10B-35-Hoàng Trung Thông,tomthong110806@gmail.com,2022/02/25 13:09:28,2022/02/25 13:09:31,1,Yes
10CV1-16-Lữ Phụng Minh Như,,2022/02/25 13:09:53,2022/02/25 13:09:59,1,Yes
10CV1-16-Lữ Phụng Minh Như,,2022/02/25 13:10:00,2022/02/25 14:37:51,88,Yes,Y
10CT3-15-Dư Đức Minh,,2022/02/25 13:10:05,2022/02/25 13:10:10,1,Yes
10CT3-15-Dư Đức Minh,,2022/02/25 13:10:11,2022/02/25 14:39:09,89,Yes,Y
10CT2-30- Ngô Thị Thanh Thủy,,2022/02/25 13:10:35,2022/02/25 13:12:12,2,Yes
Đỗ Xuân Huy - 10CT1 - 12,humblebeliis@gmail.com,2022/02/25 13:10:59,2022/02/25 13:11:28,1,Yes
10D2-09-Lê Thanh Hải (10D2-09-Lê Thanh Hải),,2022/02/25 13:11:22,2022/02/25 13:15:33,5,Yes,Y
10CH1-17-Nguyễn Cao Bảo Khang,,2022/02/25 13:11:43,2022/02/25 14:37:39,86,Yes,Y
10D1-18-Hồ Đắc Hoàng Lan,,2022/02/25 13:12:28,2022/02/25 14:37:14,85,Yes,Y
10CV2-15-Nguyễn Đức Bảo Ngọc,,2022/02/25 13:14:07,2022/02/25 14:38:30,85,Yes,Y
10CT1-28-Trần Thanh Hưng Thịnh,,2022/02/25 13:14:13,2022/02/25 14:37:38,84,Yes,Y
10D2-27-Nguyễn Thanh Sơn,,2022/02/25 13:14:46,2022/02/25 13:14:53,1,Yes
10CV1-30- Nguyễn Ngọc Cát Tường,,2022/02/25 13:14:52,2022/02/25 14:39:01,85,Yes,Y
10CV2- 28 - Mạc Gia Phụng,,2022/02/25 13:14:59,2022/02/25 13:42:55,28,Yes
Đỗ Xuân Huy 10CT1 - 12,humblebeliis@gmail.com,2022/02/25 13:15:00,2022/02/25 13:15:56,1,Yes
10CT3-15-Trần Ngọc Luân,,2022/02/25 13:16:25,2022/02/25 13:16:33,1,Yes
10A-32-Phạm Nguyễn Minh Quân,,2022/02/25 13:16:31,2022/02/25 13:45:34,30,Yes,Y
10CV2-26- Nguyễn Minh Như,ngmnhuw@gmail.com,2022/02/25 13:22:30,2022/02/25 13:22:41,1,Yes
10CH2-01-Phan Nguyễn Gia An,,2022/02/25 13:23:28,2022/02/25 13:23:48,1,Yes
10CV2-29-Nguyễn Thị Bích Phượng,phuongntb6@gmail.com,2022/02/25 13:23:56,2022/02/25 13:24:03,1,Yes
10CT3-02- Ngô Trần Kim Anh,,2022/02/25 13:23:57,2022/02/25 13:24:03,1,Yes
10CV2-29-Nguyễn Thị Bích Phượng,phuongntb6@gmail.com,2022/02/25 13:24:03,2022/02/25 14:43:08,80,Yes
10CT3-02- Ngô Trần Kim Anh,,2022/02/25 13:24:04,2022/02/25 14:43:10,80,Yes,Y
10CT1-05-Nguyễn Phú Cường,,2022/02/25 13:24:43,2022/02/25 13:24:53,1,Yes
10CT1-05-Nguyễn Phú Cường,,2022/02/25 13:25:35,2022/02/25 14:37:48,73,Yes
10CV2-13-Ngô Gia Huy,nghuy167@gmail.com,2022/02/25 13:26:45,2022/02/25 14:43:09,77,Yes,Y
10A-17-Trần Hoàng Khải,,2022/02/25 13:29:02,2022/02/25 14:39:00,70,Yes,Y
10CT1-26- Lưu Triển Tài,,2022/02/25 13:30:30,2022/02/25 13:30:37,1,Yes
10CH2-14- Nguyễn Nhung Huyền,nhunghuyenvungtau@gmail.com,2022/02/25 13:32:34,2022/02/25 14:43:09,71,Yes
10CH2-08- Lại Thị Mỹ Dung,,2022/02/25 13:33:11,2022/02/25 13:33:18,1,Yes
10CH2-08- Lại Thị Mỹ Dung,,2022/02/25 13:33:19,2022/02/25 14:37:42,65,Yes
10D1-03-Tạ Trần Trâm Anh,,2022/02/25 13:38:31,2022/02/25 14:37:55,60,Yes
10D2-19- Mai Yến Nhi,jennyyen13006@gmail.com,2022/02/25 13:40:10,2022/02/25 14:41:21,62,Yes
10CV1-22-Quách Phạm Phương Quyên,,2022/02/25 13:40:31,2022/02/25 14:02:12,22,Yes
10D1-09-Trần Nguyễn Bảo Di,,2022/02/25 13:41:35,2022/02/25 13:41:50,1,Yes
10A-12- Nguyễn Kỳ Anh Hào,nguyenkyanhhao27@gmail.com,2022/02/25 13:44:14,2022/02/25 13:44:31,1,Yes
10CV2- 28 - Mạc Gia Phụng,,2022/02/25 13:44:38,2022/02/25 13:44:50,1,Yes
10CH1-29-Nguyễn Kim Thư,,2022/02/25 13:44:57,2022/02/25 14:00:04,16,Yes
10D1-30-Trần Ngọc Quỳnh Như,,2022/02/25 13:45:45,2022/02/25 14:05:52,21,Yes
10A-32-Phạm Nguyễn Minh Quân,,2022/02/25 13:46:47,2022/02/25 13:47:01,1,Yes
10B-13-Hồ Nguyên Khang,,2022/02/25 13:47:11,2022/02/25 13:47:24,1,Yes
10B-13-Hồ Nguyên Khang,,2022/02/25 13:47:24,2022/02/25 14:37:47,51,Yes
10CT1-21- Nguyễn Phương Nhi,,2022/02/25 13:48:26,2022/02/25 13:49:40,2,Yes
10B-29-Nguyễn Phương Phi,,2022/02/25 13:52:05,2022/02/25 13:52:34,1,Yes
10B-29-Nguyễn Phương Phi,,2022/02/25 13:52:35,2022/02/25 14:37:50,46,Yes,Y
10B-28-Quách Tiến Phát,,2022/02/25 13:59:58,2022/02/25 14:00:06,1,Yes
10D2-10-Nguyễn Minh Hiếu,nguyenminhhieu160106@gmail.com,2022/02/25 14:00:15,2022/02/25 14:07:57,8,Yes
10B-28-Quách Tiến Phát,,2022/02/25 14:02:05,2022/02/25 14:37:58,36,Yes
10CH2-30- Nguyễn Văn Phụng,phungowennguyen@gmail.com,2022/02/25 14:04:11,2022/02/25 14:43:08,39,Yes
10CH2-32-Nguyễn Đoàn Minh Tâm,,2022/02/25 14:06:19,2022/02/25 14:37:40,32,Yes,Y
10D1-17- Đỗ Trùng Kiệt,,2022/02/25 14:07:25,2022/02/25 14:07:33,1,Yes
10D1-17- Đỗ Trùng Kiệt,,2022/02/25 14:07:34,2022/02/25 14:37:47,31,Yes
10D2-15- Võ Ngọc Thiên Kim,,2022/02/25 14:10:28,2022/02/25 14:37:39,28,Yes
10CT2-8-Đoàn Gia Hào,huandoan321@gmail.com,2022/02/25 14:10:50,2022/02/25 14:11:00,1,Yes
10D1-30-Trần Ngọc Quỳnh Như,,2022/02/25 14:14:59,2022/02/25 14:26:36,12,Yes
10CH2-36- Trần Ngọc Trâm,tranngoctram25052006@gmail.com,2022/02/25 14:26:08,2022/02/25 14:26:15,1,Yes
10CH2-36- Trần Ngọc Trâm,tranngoctram25052006@gmail.com,2022/02/25 14:26:15,2022/02/25 14:37:47,12,Yes
10CV2-25- Đinh Dương Uyên Nhi,,2022/02/25 14:28:22,2022/02/25 14:28:26,1,Yes
10CV2-25- Đinh Dương Uyên Nhi,,2022/02/25 14:28:27,2022/02/25 14:37:37,10,Yes
10D1-30-Trần Ngọc Quỳnh Như,,2022/02/25 14:29:43,2022/02/25 14:29:50,1,Yes
10D1-30-Trần Ngọc Quỳnh Như,,2022/02/25 14:29:50,2022/02/25 14:37:48,8,Yes
10CT2-8-Đoàn Gia Hào,huandoan321@gmail.com,2022/02/25 14:32:27,2022/02/25 14:32:39,1,Yes
10CT2-8-Đoàn Gia Hào,huandoan321@gmail.com,2022/02/25 14:32:39,2022/02/25 14:37:47,6,Yes,Y
10D2-20-Văn Nhã Như,vannhanhu306@gmail.com,2022/02/25 12:58:00,2022/02/25 14:43:10,106,Yes,Y
10CT1-31-Trần Duy Phúc,,2022/02/25 12:59:27,2022/02/25 14:37:56,99,Yes,Y
10D1-30-Trần Ngọc Quỳnh Như,,2022/02/25 14:05:54,2022/02/25 14:14:58,10,Yes
10CT1-10- Lê Minh Đức,lemonduckiee@gmail.com,2022/02/25 12:58:24,2022/02/25 12:58:55,1,Yes
10D1-16-Nguyễn Minh Khuê,,2022/02/25 13:01:49,2022/02/25 13:02:08,1,Yes
Lê Hồng Phong High school HCMC,lehongphong235@gmail.com,2022/02/25 12:42:51,2022/02/25 14:43:08,121,No
Admin,,2022/02/25 12:42:57,2022/02/25 12:43:36,1,Yes
10CV1-08-Huỳnh Dương Nhật Lam,huynhduongnhatlam@gmail.com,2022/02/25 12:42:57,2022/02/25 12:43:41,1,Yes
10D1-44-Trần Ngọc Thảo Vy,,2022/02/25 12:43:01,2022/02/25 12:43:48,1,Yes
10CT3 - 25 - Đoàn Thanh Thảo,thaoannie2704@gmail.com,2022/02/25 12:43:05,2022/02/25 12:43:36,1,Yes
Quốc Huy Phạm Lê,quochuyphamle2001@gmail.com,2022/02/25 12:43:05,2022/02/25 12:43:38,1,Yes
10CT2-36-Bùi Đức Tường,,2022/02/25 12:43:07,2022/02/25 12:43:36,1,Yes
10CH2-14- Nguyễn Nhung Huyền,nhunghuyenvungtau@gmail.com,2022/02/25 12:43:10,2022/02/25 12:43:40,1,Yes
10D2-20-Văn Nhã Như,vannhanhu306@gmail.com,2022/02/25 12:43:11,2022/02/25 12:43:36,1,Yes
10A-08-Nguyễn Chí Bảo,nguyenchibao12122006@gmail.com,2022/02/25 12:43:14,2022/02/25 12:43:36,1,Yes
10CH2-07- Nguyễn Phạn Huy Chương,chuong14092006@gmail.com,2022/02/25 12:43:15,2022/02/25 12:43:38,1,Yes
Galaxy S9,,2022/02/25 12:43:16,2022/02/25 12:43:36,1,Yes
10D2-32-Huỳnh Minh Thy,,2022/02/25 12:43:17,2022/02/25 12:43:37,1,Yes
10CV1-19-Thái Lạc Như,,2022/02/25 12:43:21,2022/02/25 12:43:36,1,Yes
10CH2-31- Nguyễn Văn Phụng,phungowennguyen@gmail.com,2022/02/25 12:43:22,2022/02/25 12:43:40,1,Yes
10CV1-11- Tăng Chiêu Khánh Linh,,2022/02/25 12:43:23,2022/02/25 12:43:34,1,Yes
10CV1-11-Tăng Chiêu Khánh Linh (10CV1-11- Tăng Chiêu Khánh Linh),,2022/02/25 12:43:34,2022/02/25 14:37:58,115,Yes,Y
10A-08-Nguyễn Chí Bảo,nguyenchibao12122006@gmail.com,2022/02/25 12:43:36,2022/02/25 14:43:08,120,Yes,Y
10CT2-36-Bùi Đức Tường,,2022/02/25 12:43:36,2022/02/25 14:38:43,116,Yes,Y
10CT3 - 25 - Đoàn Thanh Thảo,thaoannie2704@gmail.com,2022/02/25 12:43:36,2022/02/25 14:38:45,116,Yes,Y
10CH2-27- Hoàng Đinh Tuyết Như (Admin),,2022/02/25 12:43:37,2022/02/25 14:37:54,115,Yes,Y
10D1-18-Hồ Đắc Hoàng Lan (Galaxy S9),,2022/02/25 12:43:37,2022/02/25 12:54:46,12,Yes
10CV1-19-Thái Lạc Như,,2022/02/25 12:43:37,2022/02/25 14:39:26,116,Yes,Y
10D2-20-Văn Nhã Như,vannhanhu306@gmail.com,2022/02/25 12:43:37,2022/02/25 12:47:18,4,Yes
10D2-32-Huỳnh Minh Thy,,2022/02/25 12:43:37,2022/02/25 14:37:41,115,Yes,Y
10CH2-07- Nguyễn Phạn Huy Chương,chuong14092006@gmail.com,2022/02/25 12:43:38,2022/02/25 14:37:51,115,Yes,Y
10CT2-16-Phạm Lê Quốc Huy (Quốc Huy Phạm Lê),quochuyphamle2001@gmail.com,2022/02/25 12:43:38,2022/02/25 14:37:42,115,Yes,Y
10CH2-30- Nguyễn Văn Phụng (10CH2-31- Nguyễn Văn Phụng),phungowennguyen@gmail.com,2022/02/25 12:43:41,2022/02/25 14:03:59,81,Yes,Y
10CV1-08-Huỳnh Dương Nhật Lam,huynhduongnhatlam@gmail.com,2022/02/25 12:43:41,2022/02/25 14:37:41,114,Yes,Y
10CH2-12-Nguyễn Nhung Huyền (10CH1-14- Nguyễn Nhung Huyền),nhunghuyenvungtau@gmail.com,2022/02/25 12:43:41,2022/02/25 13:31:41,48,Yes,Y
10D1-44-Trần Ngọc Thảo Vy,,2022/02/25 12:43:48,2022/02/25 12:52:28,9,Yes
10B-38- Nguyễn Phương Thuỷ Tiên,,2022/02/25 12:44:13,2022/02/25 12:45:05,1,Yes
10CH1-16-Lương Tuấn Khang,,2022/02/25 12:44:21,2022/02/25 12:45:06,1,Yes
10CV1-20-Nguyễn Khánh Phương,,2022/02/25 12:44:24,2022/02/25 12:45:05,1,Yes
10B-01-Nguyễn Hoàng Bảo Anh,,2022/02/25 12:44:27,2022/02/25 12:45:07,1,Yes
10CT2-11-Tô Minh Hiếu,,2022/02/25 12:44:31,2022/02/25 12:45:06,1,Yes
10CT2-25-Bùi Nguyễn Hồng Ngân,,2022/02/25 12:44:33,2022/02/25 12:45:10,1,Yes
10CT2-29-Trần Tiến Thịnh,thinhtt250406@gmail.com,2022/02/25 12:44:50,2022/02/25 12:45:06,1,Yes
10D2-13-Phạm Bích Khuê,,2022/02/25 12:44:51,2022/02/25 12:45:08,1,Yes
10B-39- Trần Ngọc Bảo Trân,,2022/02/25 12:45:05,2022/02/25 12:45:27,1,Yes
10B-38-Nguyễn Phương Thuỷ Tiên (10B-38- Nguyễn Phương Thuỷ Tiên),,2022/02/25 12:45:05,2022/02/25 14:37:50,113,Yes,Y
10CV1-20-Nguyễn Khánh Phương,,2022/02/25 12:45:06,2022/02/25 14:37:40,113,Yes,Y
10CT2-29-Trần Tiến Thịnh,thinhtt250406@gmail.com,2022/02/25 12:45:06,2022/02/25 14:43:08,119,Yes,Y
10CH1-16-Lương Tuấn Khang,,2022/02/25 12:45:07,2022/02/25 14:17:51,93,Yes,Y
10CT2-11-Tô Minh Hiếu,,2022/02/25 12:45:07,2022/02/25 14:38:00,113,Yes,Y
10B-01-Nguyễn Hoàng Bảo Anh,,2022/02/25 12:45:07,2022/02/25 14:37:51,113,Yes,Y
10D1-35-Huỳnh Phú Thành,,2022/02/25 12:45:08,2022/02/25 12:45:23,1,Yes
10D2-13-Phạm Bích Khuê,,2022/02/25 12:45:08,2022/02/25 14:37:57,113,Yes,Y
10B-31-Quách Bảo Phụng,baophung2006@gmail.com,2022/02/25 12:45:10,2022/02/25 12:45:24,1,Yes
10CT2-25-Bùi Nguyễn Hồng Ngân,,2022/02/25 12:45:10,2022/02/25 14:37:56,113,Yes,Y
CuriousAI,,2022/02/25 12:45:12,2022/02/25 12:45:23,1,Yes
10D1-35-Huỳnh Phú Thành,,2022/02/25 12:45:23,2022/02/25 14:37:51,113,Yes,Y
CuriousAI,,2022/02/25 12:45:23,2022/02/25 14:43:04,118,Yes,Y
10B-31-Quách Bảo Phụng,baophung2006@gmail.com,2022/02/25 12:45:24,2022/02/25 14:38:13,113,Yes,Y
10B-39- Trần Ngọc Bảo Trân,,2022/02/25 12:45:28,2022/02/25 14:38:03,113,Yes,Y
10A-01-Đào Mai Nghi Anh,,2022/02/25 12:45:33,2022/02/25 12:45:48,1,Yes
10A-38-Phạm Hà Thiên Thiên,phamhathienthien1210@gmail.com,2022/02/25 12:45:34,2022/02/25 12:45:48,1,Yes
10CH1-01-Nguyễn Thành An,,2022/02/25 12:45:37,2022/02/25 12:45:48,1,Yes
10B-44-Đinh Vũ Tường Vy,dinhtuongvy2004@gmail.com,2022/02/25 12:45:43,2022/02/25 12:45:53,1,Yes
Nguyễn Ngọc Hồng Minh,,2022/02/25 12:45:45,2022/02/25 12:46:04,1,Yes
10A-38-Phạm Hà Thiên Thiên,phamhathienthien1210@gmail.com,2022/02/25 12:45:48,2022/02/25 14:37:53,113,Yes,Y
10A-01-Đào Mai Nghi Anh,,2022/02/25 12:45:48,2022/02/25 13:33:29,48,Yes,Y
10CH1-01-Nguyễn Thành An,,2022/02/25 12:45:48,2022/02/25 14:37:52,113,Yes,Y
10CH2-11-Nguyễn Ngọc Hân,nguyenngochan090106@gmail.com,2022/02/25 12:45:52,2022/02/25 12:46:04,1,Yes
10B-04-Vũ Tiến Bình,vutienbinh020@gmail.com,2022/02/25 12:45:53,2022/02/25 12:46:13,1,Yes
10B-44-Đinh Vũ Tường Vy,dinhtuongvy2004@gmail.com,2022/02/25 12:45:54,2022/02/25 14:42:59,118,Yes,Y
10CT3-34-Phạm Đặng Hoàng Trân,,2022/02/25 12:45:54,2022/02/25 12:46:04,1,Yes
10CV1-03-Hoàng Trần Hồng Hạnh,,2022/02/25 12:45:58,2022/02/25 12:46:02,1,Yes
10CV1-03-Hoàng Trần Hồng Hạnh,,2022/02/25 12:46:03,2022/02/25 14:37:44,112,Yes,Y
10CT3-34-Phạm Đặng Hoàng Trân,,2022/02/25 12:46:05,2022/02/25 14:37:57,112,Yes,Y
10CV1-13-Nguyễn Ngọc Hồng Minh (Nguyễn Ngọc Hồng Minh),,2022/02/25 12:46:05,2022/02/25 12:51:19,6,Yes
10CH2-11-Nguyễn Ngọc Hân,nguyenngochan090106@gmail.com,2022/02/25 12:46:05,2022/02/25 12:55:21,10,Yes
10D2-31-Trương Thị Anh Thư,lethithanhnhan2811@gmail.com,2022/02/25 12:46:05,2022/02/25 12:46:40,1,Yes
10B-04-Vũ Tiến Bình,vutienbinh020@gmail.com,2022/02/25 12:46:13,2022/02/25 14:37:44,112,Yes,Y
10D2-31-Trương Thị Anh Thư,lethithanhnhan2811@gmail.com,2022/02/25 12:46:41,2022/02/25 14:37:47,112,Yes,Y
10CT3-25-Chu Minh Quang,,2022/02/25 12:46:42,2022/02/25 12:46:48,1,Yes
10CT3-25-Chu Minh Quang,,2022/02/25 12:46:48,2022/02/25 14:37:59,112,Yes,Y
mike,,2022/02/25 12:47:01,2022/02/25 12:47:09,1,Yes
10CT3 - 01 - Phạm Đức An (mike),,2022/02/25 12:47:10,2022/02/25 14:37:51,111,Yes,Y
10CT2-21-Nguyễn Công Minh,,2022/02/25 12:47:22,2022/02/25 12:47:57,1,Yes
10CV1-14- Nguyễn Đỗ Bảo Nghi,baonghi6606@gmail.com,2022/02/25 12:47:22,2022/02/25 12:47:57,1,Yes
10CH2-22- Phan Anh Minh Ngọc,minhngocphananh33@gmail.com,2022/02/25 12:47:24,2022/02/25 12:47:56,1,Yes
10CT2-14-Vũ Minh Huy,dongngoquanghuy123@gmail.com,2022/02/25 12:47:25,2022/02/25 12:47:58,1,Yes
10CT2-14-Phạm Lê Tường Huy,,2022/02/25 12:47:28,2022/02/25 12:48:23,1,Yes
10B-03-Nguyễn Ngọc Quế Anh,lygiahuy1003@gmail.com,2022/02/25 12:47:29,2022/02/25 12:47:53,1,Yes
10D2-20-Văn Nhã Như,vannhanhu306@gmail.com,2022/02/25 12:47:31,2022/02/25 12:48:34,2,Yes
10CH2-36- Trần Ngọc Trâm,tranngoctram25052006@gmail.com,2022/02/25 12:47:33,2022/02/25 12:47:55,1,Yes
10D2-42-Lê Nguyễn Thảo Vy,thaovy7771@gmail.com,2022/02/25 12:47:41,2022/02/25 12:47:56,1,Yes
10CT3-33- Giang Mỹ Trân,,2022/02/25 12:47:44,2022/02/25 12:47:53,1,Yes
10B-03-Nguyễn Ngọc Quế Anh,lygiahuy1003@gmail.com,2022/02/25 12:47:53,2022/02/25 12:48:31,1,Yes
10CT3-33- Giang Mỹ Trân,,2022/02/25 12:47:54,2022/02/25 14:37:34,110,Yes,Y
10CH2-36- Trần Ngọc Trâm,tranngoctram25052006@gmail.com,2022/02/25 12:47:56,2022/02/25 14:15:28,88,Yes,Y
10CH2-22- Phan Anh Minh Ngọc,minhngocphananh33@gmail.com,2022/02/25 12:47:56,2022/02/25 14:40:07,113,Yes,Y
10D2-42-Lê Nguyễn Thảo Vy,thaovy7771@gmail.com,2022/02/25 12:47:56,2022/02/25 14:37:57,111,Yes,Y
10CT2-21-Nguyễn Công Minh,,2022/02/25 12:47:57,2022/02/25 14:37:40,110,Yes,Y
10CV1-14- Nguyễn Đỗ Bảo Nghi,baonghi6606@gmail.com,2022/02/25 12:47:57,2022/02/25 14:38:03,111,Yes,Y
10D1-22-Nguyễn Gia Nghi,,2022/02/25 12:47:58,2022/02/25 12:48:07,1,Yes
10CT2-14-Vũ Minh Huy,dongngoquanghuy123@gmail.com,2022/02/25 12:47:58,2022/02/25 14:40:07,113,Yes,Y
10D2-03-Phan Thị Thanh Bình,,2022/02/25 12:47:59,2022/02/25 12:48:07,1,Yes
10D2-03-Phan Thị Thanh Bình,,2022/02/25 12:48:08,2022/02/25 14:37:51,110,Yes,Y
10D1-22-Nguyễn Gia Nghi,,2022/02/25 12:48:08,2022/02/25 14:43:09,116,Yes,Y
Minh Triết Trần,hoa0938146248@gmail.com,2022/02/25 12:48:08,2022/02/25 12:48:14,1,Yes
10B-40- Trần Minh Triết (Minh Triết Trần),hoa0938146248@gmail.com,2022/02/25 12:48:15,2022/02/25 14:43:09,115,Yes,Y
10CV2-16- Lưu Gia Linh,,2022/02/25 12:48:25,2022/02/25 12:48:31,1,Yes
10A-09-Lương Gia Du,,2022/02/25 12:48:25,2022/02/25 12:48:31,1,Yes
10A-09-Lương Gia Du,,2022/02/25 12:48:31,2022/02/25 14:39:00,111,Yes,Y
10CV2-16- Lưu Gia Linh,,2022/02/25 12:48:32,2022/02/25 14:38:01,110,Yes,Y
10CH2-10-Võ Thành Đông,thanhdongvo2006@gmail.com,2022/02/25 12:48:37,2022/02/25 12:48:49,1,Yes
10CV2-33- Nguyễn Hoàng Mai Thảo,susu14052006@gmail.com,2022/02/25 12:48:49,2022/02/25 12:49:10,1,Yes
10CH2-10-Võ Thành Đông,thanhdongvo2006@gmail.com,2022/02/25 12:48:49,2022/02/25 14:43:08,115,Yes,Y
10B-14- Lim Tri Kiet,,2022/02/25 12:48:57,2022/02/25 12:49:14,1,Yes
10CV2-26- Nguyễn Minh Như,ngmnhuw@gmail.com,2022/02/25 12:48:59,2022/02/25 12:50:45,2,Yes
10CH2-18- Nguyễn Thành Thu Ngân,,2022/02/25 12:49:06,2022/02/25 12:49:11,1,Yes
10A-19-Vũ Nam Khánh,,2022/02/25 12:49:07,2022/02/25 12:49:12,1,Yes
10CV2-33- Nguyễn Hoàng Mai Thảo,susu14052006@gmail.com,2022/02/25 12:49:10,2022/02/25 13:00:18,12,Yes
10CH2-18- Nguyễn Thành Thu Ngân,,2022/02/25 12:49:11,2022/02/25 14:37:39,109,Yes,Y
10A-19-Vũ Nam Khánh,,2022/02/25 12:49:12,2022/02/25 14:38:13,110,Yes,Y
10A-15-Trần Quang Huy,,2022/02/25 12:49:14,2022/02/25 12:49:38,1,Yes
10B-14- Lim Tri Kiet,,2022/02/25 12:49:14,2022/02/25 14:37:58,109,Yes,Y
Huỳnh Mỹ Đình LHP,,2022/02/25 12:49:20,2022/02/25 12:49:36,1,Yes
10A-43-Đặng Thị Thanh Vân,,2022/02/25 12:49:22,2022/02/25 12:49:40,1,Yes
10D2-39- Đặng Nguyễn Phương Uyên,,2022/02/25 12:49:27,2022/02/25 12:49:38,1,Yes
10CT3- 35- Nguyễn Bích Phương Trang,phuongtrangbich26@gmail.com,2022/02/25 12:49:28,2022/02/25 12:49:36,1,Yes
10CV1-16-Lữ Phụng Minh Như,,2022/02/25 12:49:29,2022/02/25 12:49:51,1,Yes
10CT2-18-Mã Trần Phú Khang,khangphu2006a@gmail.com,2022/02/25 12:49:32,2022/02/25 12:49:38,1,Yes
10B-36-Lê Nguyễn Anh Thư,,2022/02/25 12:49:33,2022/02/25 12:49:40,1,Yes
10D2-08-Huỳnh Mỹ Đình (Huỳnh Mỹ Đình LHP),,2022/02/25 12:49:37,2022/02/25 14:37:36,108,Yes,Y
10B-02- Nguyễn Huỳnh Mai Anh,,2022/02/25 12:49:37,2022/02/25 12:49:56,1,Yes
10CT3- 35- Nguyễn Bích Phương Trang,phuongtrangbich26@gmail.com,2022/02/25 12:49:37,2022/02/25 14:37:52,109,Yes,Y
10A-15-Trần Quang Huy,,2022/02/25 12:49:38,2022/02/25 14:39:17,110,Yes,Y
10D2-39- Đặng Nguyễn Phương Uyên,,2022/02/25 12:49:38,2022/02/25 14:37:46,109,Yes,Y
10CT2-18-Mã Trần Phú Khang,khangphu2006a@gmail.com,2022/02/25 12:49:39,2022/02/25 14:38:07,109,Yes,Y
10CV2-36-Trần Nguyễn Khánh Trân,trannguyenkhanhtran0105@gmail.com,2022/02/25 12:49:39,2022/02/25 12:49:51,1,Yes
10B-36-Lê Nguyễn Anh Thư,,2022/02/25 12:49:40,2022/02/25 14:37:44,109,Yes,Y
10A-43-Đặng Thị Thanh Vân (10A-43-Đặng Thị Thanh Vân),,2022/02/25 12:49:40,2022/02/25 14:42:56,114,Yes,Y
10B-03-Nguyễn Ngọc Quế Anh,,2022/02/25 12:49:41,2022/02/25 12:49:53,1,Yes
10CT2-19- Trần Huy Khang,,2022/02/25 12:49:43,2022/02/25 12:49:54,1,Yes
10CH2-21-Nguyễn Mai Tiến Ngọc,,2022/02/25 12:49:49,2022/02/25 12:49:52,1,Yes
10CV2-36-Trần Nguyễn Khánh Trân,trannguyenkhanhtran0105@gmail.com,2022/02/25 12:49:52,2022/02/25 14:43:08,114,Yes,Y
10CH2-21-Nguyễn Mai Tiến Ngọc,,2022/02/25 12:49:52,2022/02/25 14:37:47,108,Yes,Y
10B-03-Nguyễn Ngọc Quế Anh,,2022/02/25 12:49:53,2022/02/25 14:39:00,110,Yes,Y
10CT3-12-Huỳnh Ngọc Lâm,billhuynh886@gmail.com,2022/02/25 12:49:54,2022/02/25 12:50:00,1,Yes
10CT2-19- Trần Huy Khang,,2022/02/25 12:49:54,2022/02/25 14:40:05,111,Yes,Y
10B-02- Nguyễn Huỳnh Mai Anh,,2022/02/25 12:49:57,2022/02/25 14:37:48,108,Yes,Y
10CT3-11-Võ Hoàng Khôi,,2022/02/25 12:49:58,2022/02/25 12:50:28,1,Yes
10CT3-12-Huỳnh Ngọc Lâm,billhuynh886@gmail.com,2022/02/25 12:50:00,2022/02/25 14:37:36,108,Yes,Y
10CT3-07-Trương Quốc Duy,truongquocduy914@gmail.com,2022/02/25 12:50:08,2022/02/25 12:50:19,1,Yes
10CV2 -11 - Đỗ Thị Mỹ Hoa,,2022/02/25 12:50:08,2022/02/25 12:50:20,1,Yes
10D1-04-Trần Phương Anh,,2022/02/25 12:50:11,2022/02/25 12:50:15,1,Yes
10CH2-23- Trần Lê Thanh Ngọc,,2022/02/25 12:50:12,2022/02/25 12:50:19,1,Yes
10D1-04-Trần Phương Anh,,2022/02/25 12:50:16,2022/02/25 14:43:09,113,Yes
10CH2-23- Trần Lê Thanh Ngọc,,2022/02/25 12:50:20,2022/02/25 14:37:56,108,Yes,Y
SS012869 Hứa Tuệ Minh,,2022/02/25 12:50:20,2022/02/25 12:52:02,2,Yes
10CT3-07-Trương Quốc Duy,truongquocduy914@gmail.com,2022/02/25 12:50:20,2022/02/25 14:37:51,108,Yes,Y
10CV2 -12 - Đỗ Thị Mỹ Hoa (10CV2 -11 - Đỗ Thị Mỹ Hoa),,2022/02/25 12:50:21,2022/02/25 14:38:14,108,Yes,Y
10B-12-Lê Tuấn Hy,,2022/02/25 12:50:21,2022/02/25 12:52:01,2,Yes
10B-05-Trần Tấn Đạt,datpope28@gmail.com,2022/02/25 12:50:23,2022/02/25 12:52:02,2,Yes
10CT1 - 11 - Vũ Lê Hoàng,,2022/02/25 12:50:25,2022/02/25 12:52:03,2,Yes
10B-30-Lê Nguyễn Như Phúc,,2022/02/25 12:50:25,2022/02/25 12:52:00,2,Yes
10A-27- Trần Gia Phú,trangiaphu39@gmail.com,2022/02/25 12:50:27,2022/02/25 12:52:06,2,Yes
10CH2-13- Nguyễn Trần Nhật Khang,,2022/02/25 12:50:28,2022/02/25 12:51:59,2,Yes
10CT3-11-Võ Hoàng Khôi,,2022/02/25 12:50:28,2022/02/25 14:37:48,108,Yes,Y
10CV1-18-Phạm Huỳnh Mai Như,,2022/02/25 12:50:30,2022/02/25 12:52:01,2,Yes
10D2-41-Phạm Ngọc Thảo Vân,,2022/02/25 12:50:30,2022/02/25 12:52:01,2,Yes
10D1-08-Nguyễn Lan Chi,,2022/02/25 12:50:34,2022/02/25 12:52:01,2,Yes
10CT1-15-Hoàng Sơn Lâm,,2022/02/25 12:50:35,2022/02/25 12:52:01,2,Yes
10A-14-Nguyễn Hữu Gia Huy,willnguyen1109@gmail.com,2022/02/25 12:50:38,2022/02/25 12:52:01,2,Yes
10CT3-37-Phan Nguyễn Kim Uyên,,2022/02/25 12:50:43,2022/02/25 12:52:00,2,Yes
10CV2-26- Nguyễn Minh Như,ngmnhuw@gmail.com,2022/02/25 12:50:45,2022/02/25 13:20:29,30,Yes,Y
10D1-42- Biện Ngọc Ái Vy,aivy2392006@gmail.com,2022/02/25 12:50:50,2022/02/25 12:52:01,2,Yes
10CV1-02-Nguyễn Minh Đăng,minhdang0456@gmail.com,2022/02/25 12:50:51,2022/02/25 12:52:03,2,Yes
10CV1-22-Quách Phạm Phương Quyên,,2022/02/25 12:50:52,2022/02/25 12:52:01,2,Yes
10CV2-06-Giang Bội Doanh,giangbodoanh@gmail.com,2022/02/25 12:50:57,2022/02/25 12:52:00,2,Yes
10CT3-26- Võ Hồng Quốc,,2022/02/25 12:51:01,2022/02/25 12:52:02,2,Yes
10D2-04-Trần Ngọc Bảo Châu,chautran180506@gmail.com,2022/02/25 12:51:07,2022/02/25 12:52:02,1,Yes
SS011339-Lê Tấn Hoàng Khôi,,2022/02/25 12:51:18,2022/02/25 12:52:02,1,Yes
10CH2-25-Ngô Gia Nguyên,,2022/02/25 12:51:25,2022/02/25 12:52:05,1,Yes
10CT1-26- Lưu Triển Tài,,2022/02/25 12:51:28,2022/02/25 12:52:03,1,Yes
10CV1-24-Võ Ngọc Minh Thùy,,2022/02/25 12:51:32,2022/02/25 12:52:01,1,Yes
10CH2-31-Nguyễn Thành Tài,nguyenthanhtai300406@gmail.com,2022/02/25 12:54:32,2022/02/25 12:54:39,1,Yes
10CV2-40- Phan Nguyễn Ngọc Xuân (10CV2-40- Phan Nguyễn Ngọc Xuân),pnnx1003@gmail.com,2022/02/25 12:54:32,2022/02/25 13:08:16,14,Yes,Y
10CV1-16-Lữ Phụng Minh Như,,2022/02/25 12:54:35,2022/02/25 12:54:39,1,Yes
10CH1-31-Nguyễn Anh Tú,,2022/02/25 12:54:35,2022/02/25 12:54:39,1,Yes
10CH2-05-Nguyễn Phong Minh Châu,,2022/02/25 12:54:37,2022/02/25 12:54:44,1,Yes
10CV1-16-Lữ Phụng Minh Như,,2022/02/25 12:54:40,2022/02/25 13:01:43,8,Yes
10CH1-32-Nguyễn Anh Tú (10CH1-31-Nguyễn Anh Tú),,2022/02/25 12:54:40,2022/02/25 14:37:49,104,Yes,Y
10B-06- Tô Gia Hân,,2022/02/25 12:54:40,2022/02/25 12:54:43,1,Yes
10CT2- 28- Lê Hoàng Quân,,2022/02/25 12:54:41,2022/02/25 14:38:22,104,Yes,Y
10CT3-40-Phan Huỳnh Hải Yến,,2022/02/25 12:54:43,2022/02/25 12:54:52,1,Yes
10B-06- Tô Gia Hân,,2022/02/25 12:54:44,2022/02/25 14:37:33,103,Yes,Y
10CH2-05-Nguyễn Phong Minh Châu,,2022/02/25 12:54:44,2022/02/25 14:43:08,109,Yes,Y
10B-37- Nguyễn Phước Thanh Thư,,2022/02/25 12:54:44,2022/02/25 12:54:50,1,Yes
10CT3-32-Nguyễn Hoàng Tuấn,,2022/02/25 12:54:45,2022/02/25 12:54:54,1,Yes
10B-23-Nguyễn Nhật Minh,,2022/02/25 12:54:45,2022/02/25 12:54:55,1,Yes
10CH2-03-Văn Tuấn Anh,u.2006.icloud.com@gmail.com,2022/02/25 12:54:48,2022/02/25 12:54:51,1,Yes
10D1-18-Hồ Đắc Hoàng Lan,,2022/02/25 12:54:49,2022/02/25 13:12:25,18,Yes
10B-20- Lê Hồng Thanh Mai,,2022/02/25 12:54:49,2022/02/25 12:54:55,1,Yes
10CV2 - 27 - Nguyễn Quỳnh Như,jennygordon0407@gmail.com,2022/02/25 12:54:51,2022/02/25 12:54:57,1,Yes
10B-37- Nguyễn Phước Thanh Thư,,2022/02/25 12:54:51,2022/02/25 14:37:56,104,Yes,Y
10CH2-03-Văn Tuấn Anh,u.2006.icloud.com@gmail.com,2022/02/25 12:54:52,2022/02/25 13:18:25,24,Yes,Y
10CT3-40-Phan Huỳnh Hải Yến,,2022/02/25 12:54:53,2022/02/25 14:37:56,104,Yes,Y
10CV1-09-Nguyễn Phạm Khả Lin,,2022/02/25 12:54:54,2022/02/25 12:55:09,1,Yes
10CT3-36-Nguyễn Hoàng Tuấn (10CT3-32-Nguyễn Hoàng Tuấn),,2022/02/25 12:54:55,2022/02/25 14:38:38,104,Yes,Y
10CH1-12-Dương Từ Công Huy,dtconghuy06@gmail.com,2022/02/25 12:54:55,2022/02/25 12:55:04,1,Yes
10B-20- Lê Hồng Thanh Mai,,2022/02/25 12:54:55,2022/02/25 14:37:44,103,Yes,Y
10B-23-Nguyễn Nhật Minh,,2022/02/25 12:54:56,2022/02/25 12:56:33,2,Yes
10CH1-22- Lê Quỳnh Ngân,,2022/02/25 12:54:56,2022/02/25 12:55:06,1,Yes
10CV2 - 27 - Nguyễn Quỳnh Như,jennygordon0407@gmail.com,2022/02/25 12:54:57,2022/02/25 14:37:48,103,Yes,Y
10B-18-Nguyễn Hoàng Phú Lộc,,2022/02/25 12:55:01,2022/02/25 12:55:06,1,Yes
10CH2-32-Nguyễn Đoàn Minh Tâm,,2022/02/25 12:55:02,2022/02/25 12:55:24,1,Yes
10D1-21-Đoàn Bảo Ngân,ngandoan.270306@gmail.com,2022/02/25 12:55:03,2022/02/25 12:55:24,1,Yes
10CV2-40-Hà Hải Yến,,2022/02/25 12:55:04,2022/02/25 12:55:20,1,Yes
10CH2-02-Phan Nguyễn Gia An,giaan.ch24@gmail.com,2022/02/25 12:55:04,2022/02/25 12:55:16,1,Yes
10CH1-12-Dương Từ Công Huy,dtconghuy06@gmail.com,2022/02/25 12:55:04,2022/02/25 14:37:50,103,Yes,Y
10CH1-22- Lê Quỳnh Ngân,,2022/02/25 12:55:06,2022/02/25 14:37:49,103,Yes,Y
10B-18-Nguyễn Hoàng Phú Lộc,,2022/02/25 12:55:07,2022/02/25 14:37:47,103,Yes,Y
10CV1-28-Trần Ngọc Thanh Trúc,,2022/02/25 12:55:07,2022/02/25 12:55:17,1,Yes
10CH2-38-Nguyễn Lê Bảo Trân,,2022/02/25 12:55:08,2022/02/25 12:55:16,1,Yes
10B-11- Nguyễn Thế Hưng,nguyenthehung290606@gmail.com,2022/02/25 12:55:10,2022/02/25 12:56:08,1,Yes
10CT2-31-Nguyễn Thị Anh Thư,tumlumtala1610@gmail.com,2022/02/25 13:05:58,2022/02/25 13:06:04,1,Yes
10CT2-31-Nguyễn Thị Anh Thư,tumlumtala1610@gmail.com,2022/02/25 13:06:04,2022/02/25 13:43:34,38,Yes,Y
10CT1-23-Đoàn Hồng Phúc,,2022/02/25 13:06:18,2022/02/25 13:06:23,1,Yes
10B-25- Võ Trúc My,,2022/02/25 13:06:21,2022/02/25 14:38:42,93,Yes,Y
10CT2-26- Huỳnh Vũ Nhã Quỳnh,,2022/02/25 13:07:16,2022/02/25 14:43:05,96,Yes,Y
10CT2-01-Trần Đỗ Minh Anh,,2022/02/25 13:07:16,2022/02/25 14:38:05,91,Yes,Y
10CT3-18-Hoàng Quý Thảo Nguyên,,2022/02/25 13:08:10,2022/02/25 13:08:49,1,Yes
10D1-23- Nguyễn Lưu Bảo Ngọc,,2022/02/25 13:08:34,2022/02/25 13:08:47,1,Yes
10CT3-18-Hoàng Quý Thảo Nguyên,,2022/02/25 13:08:49,2022/02/25 14:37:54,90,Yes,Y
10CT2-30- Ngô Thị Thanh Thủy,,2022/02/25 13:08:50,2022/02/25 13:10:34,2,Yes,Y
10CV2-40- Phan Nguyễn Ngọc Xuân,pnnx1003@gmail.com,2022/02/25 13:08:51,2022/02/25 14:38:01,90,Yes,Y
10B-35-Hoàng Trung Thông,tomthong110806@gmail.com,2022/02/25 13:09:31,2022/02/25 14:43:08,94,Yes,Y
10CH1-21- Hồ Uyển Minh,,2022/02/25 13:09:54,2022/02/25 13:12:51,3,Yes
Xuân Huy Đỗ,humblebeliis@gmail.com,2022/02/25 13:11:48,2022/02/25 13:11:54,1,Yes
10A-30-Nguyễn Lê Minh Quang,,2022/02/25 13:11:56,2022/02/25 14:37:58,87,Yes,Y
10CH1-21- Hồ Uyển Minh,,2022/02/25 13:12:51,2022/02/25 13:14:23,2,Yes
10D2-27-Nguyễn Thanh Sơn,,2022/02/25 13:14:54,2022/02/25 13:41:43,27,Yes,Y
10CH1-28-Phạm Nguyễn Anh Quân,,2022/02/25 13:19:43,2022/02/25 14:37:51,79,Yes
10CH2-01-Phan Nguyễn Gia An,,2022/02/25 13:23:48,2022/02/25 14:43:08,80,Yes,Y
10A-12- Nguyễn Kỳ Anh Hào,nguyenkyanhhao27@gmail.com,2022/02/25 13:07:55,2022/02/25 13:34:03,27,Yes
10D2-09-Lê Thanh Hải,,2022/02/25 13:11:13,2022/02/25 13:11:22,1,Yes
10CV2-32-Nguyễn Nhật Tân,,2022/02/25 13:13:12,2022/02/25 13:35:38,23,Yes,Y
10CT2-30- Ngô Thị Thanh Thủy,,2022/02/25 13:13:43,2022/02/25 14:37:38,84,Yes
10CT1-34-Trần Hoàng Khả Uyên,,2022/02/25 13:14:45,2022/02/25 13:14:51,1,Yes
10CT2-8-Đoàn Gia Hào,huandoan321@gmail.com,2022/02/25 13:15:09,2022/02/25 13:15:22,1,Yes
10CH1-05-Trương Nguyễn Thành Danh,exaid2506@gmail.com,2022/02/25 13:15:14,2022/02/25 14:38:04,83,Yes,Y
10CH1-21- Hồ Uyển Minh,,2022/02/25 13:15:32,2022/02/25 13:15:41,1,Yes
10D2-09-Lê Thanh Hải,,2022/02/25 13:15:33,2022/02/25 13:16:13,1,Yes
10CH1-21- Hồ Uyển Minh,,2022/02/25 13:15:41,2022/02/25 14:35:42,81,Yes,Y
10CH1-30- Nguyễn Huyền Trang,trang62718@gmail.com,2022/02/25 13:15:45,2022/02/25 13:15:51,1,Yes
10CH1-30- Nguyễn Huyền Trang,trang62718@gmail.com,2022/02/25 13:15:51,2022/02/25 14:43:08,88,Yes
10D2-09-Lê Thanh Hải,,2022/02/25 13:16:30,2022/02/25 13:16:41,1,Yes
10CT3-15-Trần Ngọc Luân,,2022/02/25 13:16:34,2022/02/25 14:36:35,81,Yes,Y
10D2-09-Lê Thanh Hải,,2022/02/25 13:16:42,2022/02/25 14:42:47,87,Yes,Y
10B-42-Trương Ngọc Phương Tuyến,,2022/02/25 13:17:38,2022/02/25 13:18:00,1,Yes
10B-42-Trương Ngọc Phương Tuyến,,2022/02/25 13:18:01,2022/02/25 14:40:05,83,Yes
c21-006-Trần Lê Phương Anh-a01-2156030009,,2022/02/25 13:18:02,2022/02/25 13:18:20,1,Yes
10CH2-04-Trần Lê Ngọc Ánh (c21-006-Trần Lê Phương Anh-a01-2156030009),,2022/02/25 13:18:21,2022/02/25 14:43:09,85,Yes,Y
10CT1 - 12 - Đỗ Xuân Huy,humblebeliis@gmail.com,2022/02/25 13:18:48,2022/02/25 13:19:12,1,Yes
10CH2-03-Văn Tuấn Anh,u.2006.icloud.com@gmail.com,2022/02/25 13:19:11,2022/02/25 13:19:19,1,Yes
10CH2-03-Văn Tuấn Anh,u.2006.icloud.com@gmail.com,2022/02/25 13:19:19,2022/02/25 14:37:41,79,Yes
10D2-34-Nguyễn Trần Minh Tiến,,2022/02/25 13:19:33,2022/02/25 13:19:41,1,Yes
10D2-34-Nguyễn Trần Minh Tiến,,2022/02/25 13:19:42,2022/02/25 14:43:08,84,Yes,Y
10D1-30-Trần Ngọc Quỳnh Như,,2022/02/25 13:20:56,2022/02/25 13:21:02,1,Yes
10D1-30-Trần Ngọc Quỳnh Như,,2022/02/25 13:21:02,2022/02/25 13:45:51,25,Yes,Y
10CT1-05-Nguyễn Phú Cường,,2022/02/25 13:24:53,2022/02/25 13:25:34,1,Yes,Y
10D1-42- Biện Ngọc Ái Vy,aivy2392006@gmail.com,2022/02/25 13:25:22,2022/02/25 14:37:37,73,Yes,Y
10CV2-13-Ngô Gia Huy,nghuy167@gmail.com,2022/02/25 13:26:39,2022/02/25 13:26:44,1,Yes
10A-31-Nguyễn Đoàn Minh Quân,,2022/02/25 13:27:16,2022/02/25 14:43:08,76,Yes,Y
10CV1-17-Lưu Tâm Như,,2022/02/25 13:27:16,2022/02/25 13:27:24,1,Yes
10CT1-26- Lưu Triển Tài,,2022/02/25 13:30:37,2022/02/25 14:43:08,73,Yes
10A-12- Nguyễn Kỳ Anh Hào,nguyenkyanhhao27@gmail.com,2022/02/25 13:34:04,2022/02/25 13:44:55,11,Yes
10D1-03-Tạ Trần Trâm Anh,,2022/02/25 13:38:23,2022/02/25 13:38:30,1,Yes
10A-28-Nguyễn Đình Tuấn Phúc,,2022/02/25 13:40:39,2022/02/25 14:38:32,58,Yes
10D2-27-Nguyễn Thanh Sơn,,2022/02/25 13:41:07,2022/02/25 14:37:50,57,Yes,Y
10B-13-Hồ Nguyên Khang,,2022/02/25 13:41:07,2022/02/25 13:42:51,2,Yes,Y
10D1-36-Lê Hoàng Kim Thảo,,2022/02/25 13:41:35,2022/02/25 14:29:01,48,Yes
10D2-05-Liêu Lin Chi,,2022/02/25 14:10:41,2022/02/25 14:37:51,28,Yes
10B-30-Lê Nguyễn Như Phúc,,2022/02/25 14:31:04,2022/02/25 14:31:08,1,Yes
10CV2-18-Võ Ngọc Mỹ Linh,byeon2104605@gmail.com,2022/02/25 14:32:44,2022/02/25 14:32:49,1,Yes
10CV2-18-Võ Ngọc Mỹ Linh,byeon2104605@gmail.com,2022/02/25 14:32:49,2022/02/25 14:37:50,6,Yes
10D1-36-Lê Hoàng Kim Thảo,,2022/02/25 14:33:51,2022/02/25 14:37:55,5,Yes,Y
10CV1-22-Quách Phạm Phương Quyên,,2022/02/25 13:25:15,2022/02/25 13:40:31,16,Yes
10D2-38-Trần Thanh Tùng,,2022/02/25 13:28:11,2022/02/25 13:28:25,1,Yes
10D2-38-Trần Thanh Tùng,,2022/02/25 13:28:33,2022/02/25 14:37:58,70,Yes
10B-13-Hồ Nguyên Khang,,2022/02/25 13:38:13,2022/02/25 13:39:40,2,Yes
10D2-24- Hoàng Thuy Trang,,2022/02/25 13:50:28,2022/02/25 14:37:48,48,Yes
10CH1-29-Nguyễn Kim Thư,,2022/02/25 14:00:08,2022/02/25 14:06:24,7,Yes
10D2-15- Võ Ngọc Thiên Kim,,2022/02/25 14:08:28,2022/02/25 14:10:28,2,Yes
10CT3-30-Lâm Nguyễn Anh Thư,,2022/02/25 12:43:30,2022/02/25 12:43:37,1,Yes
10CT3-30-Lâm Nguyễn Anh Thư,,2022/02/25 12:43:37,2022/02/25 14:43:09,120,Yes
10CT2-14-Phạm Lê Tường Huy,,2022/02/25 12:48:24,2022/02/25 14:37:39,110,Yes,Y
10CV1-16-Lữ Phụng Minh Như,,2022/02/25 12:49:52,2022/02/25 12:51:32,2,Yes
10D1-14- Hoàng Ngọc Khôi,,2022/02/25 13:27:52,2022/02/25 14:37:53,71,Yes
10CH1-29-Nguyễn Kim Thư,,2022/02/25 14:17:25,2022/02/25 14:39:33,23,Yes
10D2-20-Văn Nhã Như,vannhanhu306@gmail.com,2022/02/25 12:49:14,2022/02/25 12:57:59,9,Yes
10CH2-19-Phạm Thị Mỹ Ngân,,2022/02/25 12:50:11,2022/02/25 12:50:16,1,Yes
10CH2-19-Phạm Thị Mỹ Ngân,,2022/02/25 12:50:17,2022/02/25 14:37:53,108,Yes
10CT3-08-Nguyễn Thu Hà,,2022/02/25 12:50:46,2022/02/25 12:52:01,2,Yes
10D1-38- Nguyễn Thanh Thảo,,2022/02/25 12:51:45,2022/02/25 12:52:02,1,Yes
10CH2-37- Lê Bảo Trân,,2022/02/25 12:51:55,2022/02/25 12:52:01,1,Yes
10CH2-37- Lê Bảo Trân,,2022/02/25 12:52:01,2022/02/25 14:37:53,106,Yes
10CT3-08-Nguyễn Thu Hà,,2022/02/25 12:52:02,2022/02/25 14:43:09,112,Yes
10D1-38- Nguyễn Thanh Thảo,,2022/02/25 12:52:02,2022/02/25 14:38:01,106,Yes
10CH1-18- Đoàn Trí Khoa,,2022/02/25 12:52:04,2022/02/25 12:52:16,1,Yes
10CT2-08- Lý Gia Hân,,2022/02/25 12:52:08,2022/02/25 12:52:17,1,Yes
10CH1-18- Đoàn Trí Khoa,,2022/02/25 12:52:16,2022/02/25 14:37:16,105,Yes
10CT2-08- Lý Gia Hân,,2022/02/25 12:52:17,2022/02/25 13:13:38,22,Yes
10CT1-25-Trịnh Võ Minh Quang,,2022/02/25 12:52:19,2022/02/25 12:52:34,1,Yes
10CT3-18-Ngô Quỳnh Như,,2022/02/25 12:52:25,2022/02/25 12:52:36,1,Yes
10CT1-25-Trịnh Võ Minh Quang,,2022/02/25 12:52:35,2022/02/25 13:49:30,57,Yes
10CT3-18-Ngô Quỳnh Như,,2022/02/25 12:52:36,2022/02/25 12:53:18,1,Yes
10B-17- Nguyễn Ngọc Đan Linh,,2022/02/25 12:52:41,2022/02/25 12:52:46,1,Yes
10B-17- Nguyễn Ngọc Đan Linh,,2022/02/25 12:52:46,2022/02/25 14:37:53,106,Yes
10CT3-20-Ngô Quỳnh Như (10CT3-18-Ngô Quỳnh Như),,2022/02/25 12:53:19,2022/02/25 14:38:17,105,Yes
10B-26- Nguyễn Kim Ngân,,2022/02/25 12:53:47,2022/02/25 12:54:10,1,Yes
10B-26- Nguyễn Kim Ngân,,2022/02/25 12:54:11,2022/02/25 14:37:58,104,Yes
Cao Huệ Anh-10CH1-02,,2022/02/25 12:55:08,2022/02/25 12:55:18,1,Yes
10CH1-02-Cao Huệ Anh (Cao Huệ Anh-10CH1-02),,2022/02/25 12:55:18,2022/02/25 14:43:09,108,Yes
10CV2-34-Phạm Hồng Phúc Thịnh,,2022/02/25 12:56:59,2022/02/25 12:57:32,1,Yes
10CV2-34-Phạm Hồng Phúc Thịnh,,2022/02/25 12:57:32,2022/02/25 13:46:15,49,Yes
10CT3-04-Nguyễn Hà Châu,nguyen.ha.chau.1202@gmail.com,2022/02/25 12:57:52,2022/02/25 12:58:03,1,Yes
10CT3-05-Nguyễn Hà Châu (10CT3-04-Nguyễn Hà Châu),nguyen.ha.chau.1202@gmail.com,2022/02/25 12:58:03,2022/02/25 14:36:20,99,Yes
10CT3-27- Nguyễn Hoàng Diễm Quỳnh,,2022/02/25 12:58:12,2022/02/25 12:58:28,1,Yes
10CH2-24 - Trịnh Trần Bảo Ngọc,,2022/02/25 12:58:23,2022/02/25 12:58:53,1,Yes
10CT3-27- Nguyễn Hoàng Diễm Quỳnh,,2022/02/25 12:58:28,2022/02/25 14:39:20,101,Yes
10CH2-24 - Trịnh Trần Bảo Ngọc,,2022/02/25 12:58:54,2022/02/25 14:37:39,99,Yes
10CH1-23-Nguyễn Ngọc Trúc Ngân,nguyenngoctrucngan31@gmail.com,2022/02/25 12:59:14,2022/02/25 12:59:21,1,Yes
10CH1-23-Nguyễn Ngọc Trúc Ngân,nguyenngoctrucngan31@gmail.com,2022/02/25 12:59:21,2022/02/25 14:39:39,101,Yes
10CT2-39- Trần Ngọc Cát Tường,,2022/02/25 13:00:35,2022/02/25 13:00:44,1,Yes
10CT2-39- Trần Ngọc Cát Tường,,2022/02/25 13:00:44,2022/02/25 13:19:34,19,Yes
10CT2-08- Lý Gia Hân,,2022/02/25 13:13:39,2022/02/25 14:43:10,90,Yes
10CT2-39- Trần Ngọc Cát Tường,,2022/02/25 13:19:34,2022/02/25 13:30:42,12,Yes
10CT2-39- Trần Ngọc Cát Tường,,2022/02/25 13:30:43,2022/02/25 13:35:59,6,Yes
10CT2-39- Trần Ngọc Cát Tường,,2022/02/25 13:35:59,2022/02/25 13:39:33,4,Yes
Giám Thị LHP,,2022/02/25 13:37:12,2022/02/25 13:37:17,1,Yes
Giám Thị LHP,,2022/02/25 13:37:18,2022/02/25 13:52:11,15,Yes
10CT2-39- Trần Ngọc Cát Tường,,2022/02/25 13:41:42,2022/02/25 14:00:36,19,Yes
10CV2-34-Phạm Hồng Phúc Thịnh,,2022/02/25 13:46:16,2022/02/25 13:46:33,1,Yes
10CV2-34-Phạm Hồng Phúc Thịnh,,2022/02/25 13:46:34,2022/02/25 13:48:54,3,Yes
10CV2-34-Phạm Hồng Phúc Thịnh,,2022/02/25 13:48:55,2022/02/25 14:39:40,51,Yes
Lê Hồng Phong High school HCMC,lehongphong235@gmail.com,2022/02/25 13:49:02,2022/02/25 14:34:40,46,No
10CT1-25-Trịnh Võ Minh Quang,,2022/02/25 13:49:30,2022/02/25 14:39:50,51,Yes
10CT2-39- Trần Ngọc Cát Tường,,2022/02/25 14:00:36,2022/02/25 14:13:06,13,Yes
10CH2-34-Võ Lê Thanh Thảo,,2022/02/25 14:11:26,2022/02/25 14:37:53,27,Yes
10CT2-39- Trần Ngọc Cát Tường,,2022/02/25 14:15:03,2022/02/25 14:26:20,12,Yes
10CT2-39- Trần Ngọc Cát Tường,,2022/02/25 14:34:13,2022/02/25 14:38:02,4,Yes
10CT3-05-Nguyễn Hà Châu,nguyen.ha.chau.1202@gmail.com,2022/02/25 14:36:20,2022/02/25 14:38:57,3,Yes
10CH1-18- Đoàn Trí Khoa,,2022/02/25 14:37:16,2022/02/25 14:43:09,6,Yes
10CV1-13-Nguyễn Ngọc Hồng Minh,,2022/02/25 12:51:26,2022/02/25 12:53:44,3,Yes
10D2-24- Hồ Như Phúc,honhuphuc.1@gmail.com,2022/02/25 12:51:40,2022/02/25 12:52:02,1,Yes
10D2-26-Lương Hoàng Phương,hoangphuongluong2310@gmail.com,2022/02/25 12:51:41,2022/02/25 12:52:03,1,Yes
10CT3-22-Lý Triều Phong,,2022/02/25 12:51:44,2022/02/25 12:52:03,1,Yes
10CT2-8-Đoàn Gia Hào,huandoan321@gmail.com,2022/02/25 12:51:45,2022/02/25 12:52:24,1,Yes
10CT1-40-Phùng Minh Triết,,2022/02/25 12:51:48,2022/02/25 12:52:03,1,Yes
10CV2-01- Trần Long An,,2022/02/25 12:51:51,2022/02/25 12:52:03,1,Yes
10CT2-25-Lý Anh Quân,,2022/02/25 12:51:53,2022/02/25 12:52:01,1,Yes
10CH1-11-Nguyễn Lê Huy Hoàng,huyhoangcn3112@gmail.com,2022/02/25 12:51:56,2022/02/25 12:52:04,1,Yes
10D2-19- Mai Yến Nhi,jennyyen13006@gmail.com,2022/02/25 12:51:59,2022/02/25 12:52:18,1,Yes
10CH2-13- Nguyễn Trần Nhật Khang,,2022/02/25 12:52:00,2022/02/25 14:37:37,106,Yes,Y
10B-30-Lê Nguyễn Như Phúc,,2022/02/25 12:52:01,2022/02/25 14:30:18,99,Yes,Y
10CT3-37-Phan Nguyễn Kim Uyên,,2022/02/25 12:52:01,2022/02/25 14:37:43,106,Yes,Y
10D1-08-Nguyễn Lan Chi,,2022/02/25 12:52:01,2022/02/25 14:38:34,107,Yes,Y
10CV2-06-Giang Bội Doanh,giangbodoanh@gmail.com,2022/02/25 12:52:01,2022/02/25 14:38:50,107,Yes,Y
10CV1-18-Phạm Huỳnh Mai Như,,2022/02/25 12:52:01,2022/02/25 14:43:00,111,Yes,Y
10D1-42- Biện Ngọc Ái Vy,aivy2392006@gmail.com,2022/02/25 12:52:01,2022/02/25 13:24:19,33,Yes,Y
10CV1-22-Quách Phạm Phương Quyên,,2022/02/25 12:52:01,2022/02/25 13:24:35,33,Yes,Y
10CV1-24-Võ Ngọc Minh Thùy (10CV1-24-Võ Ngọc Minh Thùy),,2022/02/25 12:52:01,2022/02/25 14:37:45,106,Yes,Y
10CT1-15-Hoàng Sơn Lâm,,2022/02/25 12:52:01,2022/02/25 14:37:48,106,Yes,Y
10A-14-Nguyễn Hữu Gia Huy,willnguyen1109@gmail.com,2022/02/25 12:52:02,2022/02/25 14:38:00,106,Yes,Y
10B-12-Lê Tuấn Hy,,2022/02/25 12:52:02,2022/02/25 14:38:58,107,Yes,Y
10CT2-25-Lý Anh Quân,,2022/02/25 12:52:02,2022/02/25 14:37:52,106,Yes,Y
10D2-41-Phạm Ngọc Thảo Vân,,2022/02/25 12:52:02,2022/02/25 14:37:51,106,Yes,Y
10CH1-19-Lê Tấn Hoàng Khôi (SS011339-Lê Tấn Hoàng Khôi),,2022/02/25 12:52:02,2022/02/25 14:16:54,85,Yes,Y
10B-05-Trần Tấn Đạt,datpope28@gmail.com,2022/02/25 12:52:02,2022/02/25 14:37:41,106,Yes,Y
10CT3-26- Võ Hồng Quốc,,2022/02/25 12:52:03,2022/02/25 14:37:50,106,Yes,Y
10D2-04-Trần Ngọc Bảo Châu,chautran180506@gmail.com,2022/02/25 12:52:03,2022/02/25 14:38:01,106,Yes,Y
10D2-24- Hồ Như Phúc,honhuphuc.1@gmail.com,2022/02/25 12:52:03,2022/02/25 14:43:09,112,Yes,Y
10CT1-17-Hứa Tuệ Minh (SS012869 Hứa Tuệ Minh),,2022/02/25 12:52:03,2022/02/25 14:42:56,111,Yes,Y
10CV2-01-Trần Long An (10CV2-01- Trần Long An),,2022/02/25 12:52:03,2022/02/25 14:37:47,106,Yes,Y
10CV1-02-Nguyễn Minh Đăng,minhdang0456@gmail.com,2022/02/25 12:52:03,2022/02/25 14:37:55,106,Yes,Y
10D2-26-Lương Hoàng Phương,hoangphuongluong2310@gmail.com,2022/02/25 12:52:03,2022/02/25 14:43:08,112,Yes,Y
10CT1 - 11 - Vũ Lê Hoàng,,2022/02/25 12:52:04,2022/02/25 14:39:18,108,Yes,Y
10CT1-26- Lưu Triển Tài,,2022/02/25 12:52:04,2022/02/25 13:29:44,38,Yes,Y
10A-06-Võ Phúc Lan Anh,bongbeyeu@gmail.com,2022/02/25 12:52:04,2022/02/25 12:52:15,1,Yes
10CT3-22-Lý Triều Phong,,2022/02/25 12:52:04,2022/02/25 14:37:52,106,Yes,Y
10CT1-40-Phùng Minh Triết,,2022/02/25 12:52:04,2022/02/25 14:37:38,106,Yes,Y
10CH1-11-Nguyễn Lê Huy Hoàng,huyhoangcn3112@gmail.com,2022/02/25 12:52:04,2022/02/25 14:38:01,106,Yes,Y
10D2-06- Hoàng Minh Cường,minhcuong06@gmail.com,2022/02/25 12:52:05,2022/02/25 12:52:18,1,Yes
10CH2-25-Ngô Gia Nguyên,,2022/02/25 12:52:05,2022/02/25 14:38:09,107,Yes,Y
10CV2-11- Trần Ngọc Bảo Hân,,2022/02/25 12:52:06,2022/02/25 12:52:24,1,Yes
10A-27- Trần Gia Phú,trangiaphu39@gmail.com,2022/02/25 12:52:07,2022/02/25 14:38:12,107,Yes,Y
10CV1-06-Trần Ngọc Kiều Khanh,,2022/02/25 12:52:08,2022/02/25 12:52:16,1,Yes
10D2-25-Nguyễn Đoàn Ngọc Phúc,,2022/02/25 12:52:11,2022/02/25 12:52:17,1,Yes
10CH1-13-Lê Hồ Minh Huy,,2022/02/25 12:52:11,2022/02/25 12:52:15,1,Yes
NP011616-Nguyễn Thị Vân Anh,,2022/02/25 12:52:12,2022/02/25 12:52:20,1,Yes
10CV1-26-Phạm Nguyễn Xuân Trang,,2022/02/25 12:52:13,2022/02/25 12:52:34,1,Yes
10A-06-Võ Phúc Lan Anh,bongbeyeu@gmail.com,2022/02/25 12:52:15,2022/02/25 14:38:01,106,Yes,Y
10CH1-13-Lê Hồ Minh Huy,,2022/02/25 12:52:16,2022/02/25 14:37:59,106,Yes,Y
10CV1-06-Trần Ngọc Kiều Khanh,,2022/02/25 12:52:17,2022/02/25 14:04:23,73,Yes,Y
10D2-25-Nguyễn Đoàn Ngọc Phúc,,2022/02/25 12:52:18,2022/02/25 14:37:57,106,Yes,Y
10CT2-02-Tạ Thanh Bình,,2022/02/25 12:52:18,2022/02/25 12:52:33,1,Yes
10D2-06- Hoàng Minh Cường,minhcuong06@gmail.com,2022/02/25 12:52:18,2022/02/25 14:37:51,106,Yes,Y
10D2-19- Mai Yến Nhi,jennyyen13006@gmail.com,2022/02/25 12:52:19,2022/02/25 12:59:17,7,Yes
10CT3-39-Trần Gia Vỹ,,2022/02/25 12:52:19,2022/02/25 12:52:35,1,Yes
10A-04-Nguyễn Thị Vân Anh (NP011616-Nguyễn Thị Vân Anh),,2022/02/25 12:52:20,2022/02/25 14:37:58,106,Yes,Y
10CV2-11- Trần Ngọc Bảo Hân,,2022/02/25 12:52:24,2022/02/25 14:37:59,106,Yes,Y
10CT2-8-Đoàn Gia Hào,huandoan321@gmail.com,2022/02/25 12:52:25,2022/02/25 13:11:11,19,Yes,Y
10CT3-19- Phan Nhật,,2022/02/25 12:52:25,2022/02/25 12:52:36,1,Yes
10A-24-Lê Thuỳ Bảo Nghi,,2022/02/25 12:52:28,2022/02/25 12:52:35,1,Yes
10CV2-08- Nguyễn Đào Minh Hà,,2022/02/25 12:52:28,2022/02/25 12:52:33,1,Yes
10D1-44-Trần Ngọc Thảo Vy,,2022/02/25 12:52:29,2022/02/25 14:25:50,94,Yes,Y
10CV2-25- Đinh Dương Uyên Nhi,,2022/02/25 12:52:30,2022/02/25 12:52:34,1,Yes
10B-08-Phạm Trọng Hiếu,,2022/02/25 12:52:30,2022/02/25 12:52:34,1,Yes
10CH2-39- Cao Tuấn Tú,,2022/02/25 12:52:31,2022/02/25 12:52:36,1,Yes
10CT2-02-Tạ Thanh Bình,,2022/02/25 12:52:34,2022/02/25 14:37:52,106,Yes,Y
10CV2-08- Nguyễn Đào Minh Hà,,2022/02/25 12:52:34,2022/02/25 14:43:09,111,Yes,Y
10CV2-25- Đinh Dương Uyên Nhi,,2022/02/25 12:52:34,2022/02/25 14:28:00,96,Yes,Y
10B-08-Phạm Trọng Hiếu,,2022/02/25 12:52:34,2022/02/25 14:37:50,106,Yes,Y
10CV1-26-Phạm Nguyễn Xuân Trang,,2022/02/25 12:52:35,2022/02/25 14:37:46,106,Yes,Y
10CT3-39-Trần Gia Vỹ,,2022/02/25 12:52:36,2022/02/25 14:37:59,106,Yes,Y
10A-24-Lê Thuỳ Bảo Nghi,,2022/02/25 12:52:36,2022/02/25 14:37:43,106,Yes,Y
10CH2-39- Cao Tuấn Tú,,2022/02/25 12:52:36,2022/02/25 14:37:57,106,Yes,Y
10CT3-19- Phan Nhật,,2022/02/25 12:52:37,2022/02/25 14:37:40,106,Yes,Y
10CV2-23-Trương Minh Ngọc,heraminhngoc@gmail.com,2022/02/25 12:52:38,2022/02/25 12:52:46,1,Yes
10D2-36- Nguyễn Thị Thuỳ Trang,,2022/02/25 12:52:41,2022/02/25 12:52:45,1,Yes
10CH2-10- Lại Thị Mỹ Dung,,2022/02/25 12:52:42,2022/02/25 12:52:47,1,Yes
10CT1-03- Phạm Tuấn Anh,,2022/02/25 12:52:43,2022/02/25 12:52:54,1,Yes
10CT3-32-Trần Nguyễn Phi Thường,,2022/02/25 12:52:43,2022/02/25 12:52:54,1,Yes
10D2-36- Nguyễn Thị Thuỳ Trang,,2022/02/25 12:52:46,2022/02/25 14:43:09,111,Yes,Y
10CT3-29-Nguyễn Hữu Thịnh,huuthinh0901@gmail.com,2022/02/25 12:52:46,2022/02/25 12:52:51,1,Yes
10CV2-23-Trương Minh Ngọc,heraminhngoc@gmail.com,2022/02/25 12:52:46,2022/02/25 14:37:47,106,Yes,Y
10CT3-38-Vòng Chí Văn,vanblahblah4@gmail.com,2022/02/25 12:52:47,2022/02/25 12:52:50,1,Yes
10CH2-10- Lại Thị Mỹ Dung,,2022/02/25 12:52:48,2022/02/25 13:32:39,40,Yes,Y
10CT3-38-Vòng Chí Văn,vanblahblah4@gmail.com,2022/02/25 12:52:51,2022/02/25 14:38:27,106,Yes,Y
10CT3-29-Nguyễn Hữu Thịnh,huuthinh0901@gmail.com,2022/02/25 12:52:51,2022/02/25 14:43:08,111,Yes,Y
10CT1-02- Phạm Tuấn Anh (10CT1-03- Phạm Tuấn Anh),,2022/02/25 12:52:54,2022/02/25 14:40:08,108,Yes,Y
10CT3-32-Trần Nguyễn Phi Thường,,2022/02/25 12:52:55,2022/02/25 14:43:09,111,Yes,Y
10D1-03-Tạ Trần Trâm Anh,,2022/02/25 12:52:55,2022/02/25 12:53:28,1,Yes
10CT1-21- Nguyễn Phương Nhi,,2022/02/25 12:52:59,2022/02/25 12:53:27,1,Yes
10D2-29-Phùng Kim Thanh,,2022/02/25 12:53:01,2022/02/25 12:53:27,1,Yes
10D1-13-Nguyễn Quân Khang,,2022/02/25 12:53:03,2022/02/25 12:53:26,1,Yes
10CH1-20- Huỳnh Kim Phương Liễu,phuonglieu2006@gmail.com,2022/02/25 12:53:03,2022/02/25 12:53:27,1,Yes
10CT2-20- Nguyễn Đặng Hoàng Khang,,2022/02/25 12:53:03,2022/02/25 12:53:34,1,Yes
10A-12- Nguyễn Kỳ Anh Hào,nguyenkyanhhao27@gmail.com,2022/02/25 12:53:04,2022/02/25 12:55:37,3,Yes
Bảo Nghi,,2022/02/25 12:53:08,2022/02/25 12:53:29,1,Yes
10CH1-28-Phạm Nguyễn Anh Quân,,2022/02/25 12:53:11,2022/02/25 12:53:27,1,Yes
10CT2-09- Lê Nguyễn Minh Hiển,,2022/02/25 12:53:13,2022/02/25 12:53:25,1,Yes
10CH1-10-Hà Lực Hào,haluchao081106@gmail.com,2022/02/25 12:53:17,2022/02/25 12:53:25,1,Yes
Hoàng Ngọc Khôi 10D1,,2022/02/25 12:53:18,2022/02/25 12:53:25,1,Yes
Hoàng Anh,,2022/02/25 12:53:19,2022/02/25 12:53:28,1,Yes
10CT3-28-Nguyễn Hoài Thương,,2022/02/25 12:53:21,2022/02/25 12:53:26,1,Yes
10D2-01- Lê Hồng Anh,littlebellinshy@gmail.com,2022/02/25 12:53:21,2022/02/25 12:53:27,1,Yes
10CH1-27-Trịnh Hoàng Nguyên Phước,,2022/02/25 12:53:22,2022/02/25 12:53:26,1,Yes
10B-33- Nguyễn Ngọc Thảo Quyên,,2022/02/25 12:53:22,2022/02/25 12:53:29,1,Yes
10CH1-10-Hà Lực Hào,haluchao081106@gmail.com,2022/02/25 12:53:25,2022/02/25 14:37:36,105,Yes,Y
10CV1-32-Huỳnh Thị Kim Tuyến,,2022/02/25 12:53:25,2022/02/25 12:53:53,1,Yes
10B-22-Võ Hoài Phương Mai,mai10112006@gmail.com,2022/02/25 12:53:25,2022/02/25 12:53:45,1,Yes
10CT2-09- Lê Nguyễn Minh Hiển,,2022/02/25 12:53:26,2022/02/25 14:15:30,83,Yes,Y
10CH1-27-Trịnh Hoàng Nguyên Phước,,2022/02/25 12:53:26,2022/02/25 14:37:58,105,Yes,Y
10D1-14- Hoàng Ngọc Khôi (Hoàng Ngọc Khôi 10D1),,2022/02/25 12:53:26,2022/02/25 13:27:14,34,Yes,Y
10CT3-28-Nguyễn Hoài Thương,,2022/02/25 12:53:26,2022/02/25 14:43:08,110,Yes,Y
10D1-13-Nguyễn Quân Khang,,2022/02/25 12:53:26,2022/02/25 14:37:41,105,Yes,Y
10D2-29-Phùng Kim Thanh,,2022/02/25 12:53:27,2022/02/25 14:37:42,105,Yes,Y
10CT1-21- Nguyễn Phương Nhi,,2022/02/25 12:53:27,2022/02/25 13:48:22,55,Yes,Y
10CH1-20- Huỳnh Kim Phương Liễu,phuonglieu2006@gmail.com,2022/02/25 12:53:27,2022/02/25 14:37:39,105,Yes,Y
10CH1-28-Phạm Nguyễn Anh Quân,,2022/02/25 12:53:27,2022/02/25 13:19:26,26,Yes,Y
10CV2-18-Võ Ngọc Mỹ Linh,byeon2104605@gmail.com,2022/02/25 12:53:28,2022/02/25 12:53:47,1,Yes
10D2-01- Lê Hồng Anh,littlebellinshy@gmail.com,2022/02/25 12:53:28,2022/02/25 14:37:51,105,Yes,Y
10CV2-24- Trần Minh Ngọc Quỳnh,,2022/02/25 12:53:29,2022/02/25 12:53:49,1,Yes
10D1-03-Tạ Trần Trâm Anh,,2022/02/25 12:53:29,2022/02/25 13:37:43,45,Yes,Y
10B-33- Nguyễn Ngọc Thảo Quyên,,2022/02/25 12:53:29,2022/02/25 14:37:49,105,Yes,Y
10B-27-Nguyễn Phạm Bảo Nghi (Bảo Nghi),,2022/02/25 12:53:29,2022/02/25 14:43:08,110,Yes,Y
10D1-01-Mai Hoàng Anh (Hoàng Anh),,2022/02/25 12:53:29,2022/02/25 14:37:58,105,Yes,Y
10CT1-23-Trần Hồng Khánh Ngọc,khanhngoc024@gmail.com,2022/02/25 12:53:35,2022/02/25 12:53:47,1,Yes
10CT2-20- Nguyễn Đặng Hoàng Khang,,2022/02/25 12:53:35,2022/02/25 14:37:50,105,Yes,Y
10CT3-09-Nguyễn Vĩnh Khang,nvinhkhang235@gmail.com,2022/02/25 12:53:41,2022/02/25 12:53:47,1,Yes
Nguyễn Thành Danh,thanhdanh13012006@gmail.com,2022/02/25 12:53:42,2022/02/25 12:53:48,1,Yes
10CH2-15-  Lê Gia Linh,,2022/02/25 12:53:42,2022/02/25 12:53:46,1,Yes
10D2-12-Phạm Nguyễn An Khang,phamnguyenankhang10@gmail.com,2022/02/25 12:53:42,2022/02/25 12:53:46,1,Yes
Nha Diep,,2022/02/25 12:53:45,2022/02/25 12:54:10,1,Yes
10B-22-Võ Hoài Phương Mai,mai10112006@gmail.com,2022/02/25 12:53:45,2022/02/25 14:39:01,106,Yes,Y
10D2-12-Phạm Nguyễn An Khang,phamnguyenankhang10@gmail.com,2022/02/25 12:53:47,2022/02/25 14:37:41,104,Yes,Y
10CH2-15-  Lê Gia Linh,,2022/02/25 12:53:47,2022/02/25 14:37:44,104,Yes,Y
10CV2-18-Võ Ngọc Mỹ Linh,byeon2104605@gmail.com,2022/02/25 12:53:47,2022/02/25 14:31:43,98,Yes,Y
10CT3-09-Nguyễn Vĩnh Khang,nvinhkhang235@gmail.com,2022/02/25 12:53:47,2022/02/25 14:37:33,104,Yes,Y
10CT3-17-Trần Hồng Khánh Ngọc (10CT1-23-Trần Hồng Khánh Ngọc),khanhngoc024@gmail.com,2022/02/25 12:53:47,2022/02/25 14:37:41,104,Yes,Y
10CT2-05-Nguyễn Thành Danh (Nguyễn Thành Danh),thanhdanh13012006@gmail.com,2022/02/25 12:53:48,2022/02/25 14:38:30,105,Yes,Y
10CV2-31- Trần Minh Ngọc Quỳnh (10CV2-24- Trần Minh Ngọc Quỳnh),,2022/02/25 12:53:49,2022/02/25 14:38:00,105,Yes,Y
Phan Thế Hiển,,2022/02/25 12:53:51,2022/02/25 12:54:09,1,Yes
10CV2-17- Vũ Bảo Ngọc,vubaongoc.9tc4@gmail.com,2022/02/25 12:53:51,2022/02/25 12:54:11,1,Yes
10D1-26-Nguyễn Bảo Nhi,,2022/02/25 12:53:51,2022/02/25 12:54:08,1,Yes
10D2-10- Nguyễn Minh Hiếu,nguyenminhhieu160106@gmail.com,2022/02/25 12:53:52,2022/02/25 12:54:12,1,Yes
10CH2-41- Nguyễn Đặng Thiên Vỹ,,2022/02/25 12:53:53,2022/02/25 12:54:10,1,Yes
10CV1-32-Huỳnh Thị Kim Tuyến,,2022/02/25 12:53:54,2022/02/25 13:27:05,34,Yes,Y
10CT2-27- Lê Nguyễn Trúc Quỳnh,lenguyentrucquynh42@gmail.com,2022/02/25 12:53:55,2022/02/25 12:54:15,1,Yes
10D1-20-Nguyễn Phạm Diệu Linh,,2022/02/25 12:53:59,2022/02/25 12:54:10,1,Yes
10CV2-21- Nguyễn Thị Bích Ngọc,nguyenbichngoc1116@gmail.com,2022/02/25 12:54:01,2022/02/25 12:54:12,1,Yes
Nguyễn Minh Hoàng - 10D1 - 12,,2022/02/25 12:54:01,2022/02/25 12:54:08,1,Yes
10CV1-13-Nguyễn Ngọc Hồng Minh,,2022/02/25 12:54:03,2022/02/25 14:38:36,105,Yes,Y
10CH2-40-Trương Minh Vy,truongminhvy@gmail.com,2022/02/25 12:54:05,2022/02/25 12:54:10,1,Yes
10D1 - 12 - Nguyễn Minh Hoàng (Nguyễn Minh Hoàng - 10D1 - 12),,2022/02/25 12:54:08,2022/02/25 14:40:13,107,Yes,Y
10D1-26-Nguyễn Bảo Nhi,,2022/02/25 12:54:09,2022/02/25 14:00:31,67,Yes,Y
10CT2 -10- Phan Thế Hiển (Phan Thế Hiển),,2022/02/25 12:54:10,2022/02/25 14:37:59,104,Yes,Y
10CH2-40-Trương Minh Vy,truongminhvy@gmail.com,2022/02/25 12:54:10,2022/02/25 14:38:00,104,Yes,Y
10D1-20-Nguyễn Phạm Diệu Linh,,2022/02/25 12:54:10,2022/02/25 14:37:48,104,Yes,Y
10CH2-41- Nguyễn Đặng Thiên Vỹ,,2022/02/25 12:54:11,2022/02/25 14:38:13,105,Yes,Y
10D2-07- Lê Nhã Diệp (Nha Diep),,2022/02/25 12:54:11,2022/02/25 14:38:18,105,Yes,Y
10CV2-21- Nguyễn Thị Bích Ngọc,nguyenbichngoc1116@gmail.com,2022/02/25 12:54:12,2022/02/25 14:37:49,104,Yes,Y
10CV2-24-Vũ Bảo Ngọc (10CV2-17- Vũ Bảo Ngọc),vubaongoc.9tc4@gmail.com,2022/02/25 12:54:12,2022/02/25 14:37:56,104,Yes,Y
25- Ung Nguyễn Thanh Nguyên,,2022/02/25 12:54:12,2022/02/25 12:54:22,1,Yes
10D2-10-Nguyễn Minh Hiếu (10D2-10- Nguyễn Minh Hiếu),nguyenminhhieu160106@gmail.com,2022/02/25 12:54:13,2022/02/25 13:59:36,66,Yes,Y
10CV2-40- Phan Nguyễn Ngọc Xuân,pnnx1003@gmail.com,2022/02/25 12:54:13,2022/02/25 12:54:32,1,Yes
10CT2-Phan Văn Chánh,phanvanchanhlop87@gmail.com,2022/02/25 12:54:15,2022/02/25 12:54:25,1,Yes
10CT2-27- Lê Nguyễn Trúc Quỳnh,lenguyentrucquynh42@gmail.com,2022/02/25 12:54:15,2022/02/25 14:38:54,105,Yes,Y
10D1- 43 - Huỳnh Ngọc Tường Vy,,2022/02/25 12:54:19,2022/02/25 12:54:23,1,Yes
10B-09-Nguyễn Đặng Minh Hoàng,,2022/02/25 12:54:21,2022/02/25 12:54:27,1,Yes
10A-25- Ung Nguyễn Thanh Nguyên (25- Ung Nguyễn Thanh Nguyên),,2022/02/25 12:54:23,2022/02/25 14:43:09,109,Yes,Y
10D1- 43 - Huỳnh Ngọc Tường Vy,,2022/02/25 12:54:23,2022/02/25 14:38:02,104,Yes,Y
10CT2-Phan Văn Chánh,phanvanchanhlop87@gmail.com,2022/02/25 12:54:25,2022/02/25 14:43:08,109,Yes,Y
10B-09-Nguyễn Đặng Minh Hoàng,,2022/02/25 12:54:28,2022/02/25 14:37:50,104,Yes,Y
10CT2- 28- Lê Hoàng Quân,,2022/02/25 12:54:32,2022/02/25 12:54:40,1,Yes
10CH2-31-Nguyễn Thành Tài,nguyenthanhtai300406@gmail.com,2022/02/25 12:54:39,2022/02/25 14:43:09,109,Yes,Y
10CV2-09- Lê Diệp Gia Hân,,2022/02/25 13:05:36,2022/02/25 14:38:09,93,Yes,Y
10B-25- Võ Trúc My,,2022/02/25 13:06:07,2022/02/25 13:06:21,1,Yes
10CV1-27- Nguyễn Thanh Trúc,tristienguyen123@gmail.com,2022/02/25 13:06:18,2022/02/25 13:06:26,1,Yes
10CT2-26- Huỳnh Vũ Nhã Quỳnh,,2022/02/25 13:07:00,2022/02/25 13:07:16,1,Yes
10CH1-25-Phạm Hữu Phúc,huuphucthll@gmail.com,2022/02/25 13:07:14,2022/02/25 14:40:11,93,Yes,Y
10CH1-17-Nguyễn Cao Bảo Khang,,2022/02/25 13:11:20,2022/02/25 13:11:43,1,Yes
10A-30-Nguyễn Lê Minh Quang,,2022/02/25 13:11:46,2022/02/25 13:11:55,1,Yes
Xuân Huy Đỗ,humblebeliis@gmail.com,2022/02/25 13:11:55,2022/02/25 13:13:54,2,Yes
10CT1-34-Trần Hoàng Khả Uyên,,2022/02/25 13:14:52,2022/02/25 14:37:48,83,Yes,Y
10CV2-26- Nguyễn Minh Như,ngmnhuw@gmail.com,2022/02/25 13:22:42,2022/02/25 14:37:51,76,Yes
10CT1-11-Liên Trung Hiếu,conancute159753@gmail.com,2022/02/25 13:38:47,2022/02/25 14:37:51,60,Yes
10CH2-28-Lê Trần Hải Ninh,tieninh1203@gmail.com,2022/02/25 13:42:19,2022/02/25 14:31:00,49,Yes
10A-12- Nguyễn Kỳ Anh Hào,nguyenkyanhhao27@gmail.com,2022/02/25 13:44:32,2022/02/25 14:43:09,59,Yes,Y
10CT1-32- Huỳnh Minh Tuấn,,2022/02/25 13:48:35,2022/02/25 14:38:09,50,Yes
10A-01-Đào Mai Nghi Anh,,2022/02/25 13:49:49,2022/02/25 13:49:57,1,Yes
10A-01-Đào Mai Nghi Anh,,2022/02/25 13:49:57,2022/02/25 14:40:17,51,Yes
10B-28-Quách Tiến Phát,,2022/02/25 14:00:07,2022/02/25 14:01:08,2,Yes
10B-28-Quách Tiến Phát,,2022/02/25 14:02:00,2022/02/25 14:02:04,1,Yes
10CH2-32-Nguyễn Đoàn Minh Tâm,,2022/02/25 14:02:07,2022/02/25 14:04:21,3,Yes,Y
10CV1-22-Quách Phạm Phương Quyên,,2022/02/25 14:02:12,2022/02/25 14:38:33,37,Yes
10CV1-32-Huỳnh Thị Kim Tuyến,,2022/02/25 14:04:24,2022/02/25 14:04:42,1,Yes
10CV1-32-Huỳnh Thị Kim Tuyến,,2022/02/25 14:04:42,2022/02/25 14:42:35,38,Yes,Y
10CT2-8-Đoàn Gia Hào,huandoan321@gmail.com,2022/02/25 14:07:43,2022/02/25 14:07:54,1,Yes
Nguyễn Thị Lan Vy-LHP,lanvy2204nguyenthi@gmail.com,2022/02/25 14:08:04,2022/02/25 14:08:34,1,Yes
10CV2-39-Nguyễn Thị Lan Vy (Nguyễn Thị Lan Vy-LHP),lanvy2204nguyenthi@gmail.com,2022/02/25 14:08:34,2022/02/25 14:37:49,30,Yes,Y
10CT2-09- Lê Nguyễn Minh Hiển,,2022/02/25 14:15:31,2022/02/25 14:43:00,28,Yes
